Kudos Date,Kudos Type,Parent ID
"Sep 18, 2019, 10:00:03 PM",Activity,2719642056
"Sep 20, 2019, 11:03:14 PM",Activity,2723967835
"Sep 20, 2019, 11:03:27 PM",Activity,2723540015
"Sep 22, 2019, 8:07:22 PM",Activity,2727985617
"Sep 26, 2019, 2:47:14 AM",Activity,2736219298
"Sep 27, 2019, 4:20:35 AM",Activity,2742841910
"Sep 27, 2019, 4:21:22 AM",Activity,2742644183
"Sep 30, 2019, 5:04:49 PM",Activity,2746744725
"Sep 30, 2019, 5:27:31 PM",Activity,2750887879
"Oct 1, 2019, 3:53:46 AM",Activity,2752774255
"Oct 2, 2019, 5:47:46 PM",Activity,2754539974
"Oct 3, 2019, 1:06:55 AM",Activity,2758415671
"Oct 3, 2019, 5:06:09 AM",Activity,2758619692
"Oct 4, 2019, 12:47:44 AM",Activity,2760250378
"Oct 6, 2019, 4:03:35 AM",Activity,2765678846
"Oct 6, 2019, 4:03:43 AM",Activity,2764910914
"Oct 7, 2019, 5:10:34 PM",Activity,2770466008
"Oct 7, 2019, 8:06:50 PM",Activity,2770126011
"Oct 8, 2019, 3:37:26 AM",Activity,2771477134
"Oct 8, 2019, 3:37:34 AM",Activity,2771395129
"Oct 8, 2019, 8:56:57 PM",Activity,2772696417
"Oct 11, 2019, 3:57:44 AM",Activity,2779206244
"Oct 12, 2019, 9:25:48 PM",Activity,2782919037
"Oct 12, 2019, 10:50:33 PM",Activity,2783780544
"Oct 12, 2019, 10:51:01 PM",Activity,2783901441
"Oct 14, 2019, 7:22:33 PM",Activity,2787351084
"Oct 16, 2019, 2:26:52 PM",Activity,2790952403
"Oct 17, 2019, 2:07:29 AM",Activity,2794608683
"Oct 17, 2019, 2:07:49 AM",Activity,2793991748
"Oct 18, 2019, 4:06:01 PM",Activity,2796588661
"Oct 18, 2019, 4:45:47 PM",Activity,2796492240
"Oct 18, 2019, 8:37:42 PM",Activity,2798576892
"Oct 19, 2019, 5:17:55 PM",Activity,2800952190
"Oct 20, 2019, 7:33:41 AM",Activity,2802026998
"Oct 20, 2019, 4:06:36 PM",Activity,2803904247
"Oct 21, 2019, 5:47:46 PM",Activity,2805092880
"Oct 23, 2019, 5:20:43 AM",Activity,2809797096
"Oct 23, 2019, 5:20:46 AM",Activity,2808444236
"Oct 24, 2019, 2:52:52 AM",Activity,2812396181
"Oct 24, 2019, 2:02:01 PM",Activity,2812499977
"Oct 29, 2019, 2:10:25 AM",Activity,2818581524
"Oct 29, 2019, 2:10:50 AM",Activity,2824964593
"Oct 29, 2019, 2:10:57 AM",Activity,2822684750
"Oct 29, 2019, 2:11:09 AM",Activity,2819311554
"Oct 29, 2019, 2:11:17 AM",Activity,2819290108
"Oct 30, 2019, 1:40:28 AM",Activity,2826241284
"Oct 30, 2019, 1:40:42 AM",Activity,2826168388
"Nov 1, 2019, 12:05:46 AM",Activity,2831446526
"Nov 1, 2019, 12:05:50 AM",Activity,2831170248
"Nov 2, 2019, 5:39:28 AM",Activity,2834256800
"Nov 2, 2019, 5:39:50 AM",Activity,2834073199
"Nov 2, 2019, 9:16:16 PM",Activity,2835663573
"Nov 5, 2019, 4:45:59 AM",Activity,2841755006
"Nov 5, 2019, 4:46:11 AM",Activity,2838986421
"Nov 11, 2019, 4:07:12 AM",Activity,2856537120
"Nov 11, 2019, 4:09:28 AM",Activity,2856475457
"Nov 12, 2019, 7:26:18 AM",Activity,2858687604
"Nov 12, 2019, 7:26:23 AM",Activity,2858143949
"Nov 13, 2019, 1:58:31 AM",Activity,2861093636
"Nov 13, 2019, 1:58:45 AM",Activity,2859912717
"Nov 13, 2019, 9:10:09 PM",Activity,2862766926
"Nov 13, 2019, 9:10:30 PM",Activity,2862216124
"Nov 16, 2019, 6:18:14 PM",Activity,2869362156
"Nov 16, 2019, 6:18:29 PM",Activity,2869326010
"Nov 24, 2019, 4:08:38 AM",Activity,2885904595
"Nov 24, 2019, 4:08:58 AM",Activity,2885970244
"Nov 25, 2019, 3:12:23 AM",Activity,2889480223
"Nov 25, 2019, 3:13:38 AM",Activity,2888428689
"Nov 28, 2019, 1:57:00 AM",Activity,2895301801
"Nov 30, 2019, 4:05:58 AM",Activity,2897579235
"Nov 30, 2019, 4:06:01 AM",Activity,2897578495
"Nov 30, 2019, 4:06:31 AM",Activity,2898659775
"Dec 1, 2019, 1:55:47 AM",Activity,2902169155
"Dec 1, 2019, 1:56:24 AM",Activity,2902066802
"Dec 2, 2019, 9:20:52 PM",Activity,2906760872
"Dec 4, 2019, 12:21:23 AM",Activity,2908665420
"Dec 4, 2019, 6:22:00 AM",Activity,2909717294
"Dec 7, 2019, 8:47:14 PM",Activity,2917850108
"Dec 9, 2019, 12:53:42 AM",Activity,2920790749
"Dec 9, 2019, 12:53:49 AM",Activity,2920151653
"Dec 9, 2019, 5:50:34 AM",Activity,2920996148
"Dec 10, 2019, 10:28:58 PM",Activity,2924202568
"Dec 10, 2019, 10:29:09 PM",Activity,2924107018
"Dec 12, 2019, 1:51:35 AM",Activity,2927379828
"Dec 12, 2019, 7:25:14 PM",Activity,2928506492
"Dec 14, 2019, 6:51:31 PM",Activity,2932693254
"Dec 14, 2019, 7:11:10 PM",Activity,2929168122
"Dec 15, 2019, 4:38:50 PM",Activity,2935120602
"Dec 15, 2019, 11:57:19 PM",Activity,2935330268
"Dec 15, 2019, 11:57:34 PM",Activity,2935528356
"Dec 17, 2019, 5:55:43 PM",Activity,2938093589
"Dec 17, 2019, 5:55:50 PM",Activity,2937688876
"Dec 18, 2019, 5:36:49 PM",Activity,2939379939
"Dec 25, 2019, 4:41:52 PM",Activity,2954149123
"Dec 25, 2019, 4:42:08 PM",Activity,2954179715
"Dec 28, 2019, 4:15:25 AM",Activity,2958829984
"Dec 28, 2019, 8:55:40 PM",Activity,2963463925
"Dec 28, 2019, 8:56:42 PM",Activity,2963233842
"Dec 31, 2019, 9:27:33 PM",Activity,2971010660
"Jan 2, 2020, 11:17:03 PM",Activity,2976627012
"Jan 2, 2020, 11:17:56 PM",Activity,2973536265
"Jan 2, 2020, 11:18:02 PM",Activity,2973573703
"Jan 2, 2020, 11:18:07 PM",Activity,2974372896
"Jan 5, 2020, 3:29:46 AM",Activity,2981627266
"Jan 5, 2020, 6:48:25 PM",Activity,2983004471
"Jan 6, 2020, 1:59:32 AM",Activity,2985420796
"Jan 6, 2020, 11:55:17 PM",Activity,2986157365
"Jan 8, 2020, 4:35:28 AM",Activity,2991816654
"Jan 10, 2020, 3:38:55 PM",Activity,2997375593
"Jan 10, 2020, 3:39:24 PM",Activity,2996889941
"Jan 12, 2020, 1:26:29 AM",Activity,3002374750
"Jan 12, 2020, 1:26:38 AM",Activity,3002271845
"Jan 14, 2020, 4:26:48 AM",Activity,3006064278
"Jan 15, 2020, 4:32:01 AM",Activity,3012170659
"Jan 17, 2020, 3:15:56 AM",Activity,3018004349
"Jan 18, 2020, 5:11:45 PM",Activity,3019546325
"Jan 18, 2020, 9:43:05 PM",Activity,3022680106
"Jan 18, 2020, 9:43:10 PM",Activity,3019874702
"Jan 20, 2020, 4:15:19 PM",Activity,3027024792
"Jan 20, 2020, 4:15:22 PM",Activity,3026582667
"Jan 22, 2020, 1:19:33 AM",Activity,3031866944
"Jan 23, 2020, 1:10:32 AM",Activity,3032538925
"Jan 23, 2020, 11:22:13 PM",Activity,3036645842
"Jan 25, 2020, 2:09:51 AM",Activity,3040439764
"Jan 26, 2020, 3:56:24 AM",Activity,3042698655
"Jan 26, 2020, 3:56:41 AM",Activity,3042509497
"Jan 26, 2020, 6:01:37 PM",Activity,3046013014
"Jan 28, 2020, 1:52:15 AM",Activity,3046109033
"Jan 28, 2020, 6:15:02 AM",Activity,3049577597
"Feb 2, 2020, 11:31:04 PM",Activity,3066209501
"Feb 2, 2020, 11:35:45 PM",Activity,3062577132
"Feb 9, 2020, 1:43:54 AM",Activity,3083227718
"Feb 9, 2020, 1:44:14 AM",Activity,3083195865
"Feb 11, 2020, 1:56:55 AM",Activity,3089349086
"Feb 12, 2020, 3:30:35 PM",Activity,3090901480
"Feb 12, 2020, 3:30:46 PM",Activity,3091462815
"Feb 13, 2020, 5:58:07 AM",Activity,3095394367
"Feb 16, 2020, 9:08:48 AM",Activity,3103466017
"Feb 16, 2020, 9:08:53 AM",Activity,3102231426
"Feb 17, 2020, 12:54:10 AM",Activity,3106006289
"Feb 18, 2020, 1:20:01 AM",Activity,3108106689
"Feb 19, 2020, 1:49:59 AM",Activity,3109588112
"Feb 19, 2020, 1:51:56 AM",Activity,3112364540
"Feb 20, 2020, 2:00:15 AM",Activity,3114299318
"Feb 21, 2020, 1:05:52 AM",Activity,3117167760
"Feb 22, 2020, 3:12:26 AM",Activity,3119962140
"Feb 23, 2020, 5:55:40 AM",Activity,3122700632
"Feb 23, 2020, 9:18:42 PM",Activity,3125958883
"Feb 23, 2020, 9:18:44 PM",Activity,3125745024
"Feb 24, 2020, 7:38:33 PM",Activity,3128714009
"Feb 27, 2020, 6:58:04 AM",Activity,3134419050
"Feb 28, 2020, 5:45:47 PM",Activity,3139116254
"Feb 29, 2020, 6:18:13 PM",Activity,3142395534
"Mar 1, 2020, 7:36:48 PM",Activity,3145784818
"Mar 3, 2020, 12:13:34 AM",Activity,3146855102
"Mar 4, 2020, 3:33:21 AM",Activity,3150611040
"Mar 4, 2020, 6:51:13 PM",Activity,3153716216
"Mar 4, 2020, 6:55:10 PM",Activity,3152492337
"Mar 7, 2020, 5:34:34 PM",Activity,3162713210
"Mar 8, 2020, 7:12:31 AM",Activity,3162865997
"Mar 8, 2020, 7:42:40 PM",Activity,3166001479
"Mar 8, 2020, 7:42:45 PM",Activity,3166341049
"Mar 9, 2020, 5:54:39 PM",Activity,3167249487
"Mar 10, 2020, 5:25:29 PM",Activity,3171235319
"Mar 12, 2020, 2:29:51 PM",Activity,3177026211
"Mar 13, 2020, 2:07:54 PM",Activity,3178533758
"Mar 13, 2020, 2:08:12 PM",Activity,3178672795
"Mar 14, 2020, 5:19:45 PM",Activity,3183062239
"Mar 14, 2020, 5:19:55 PM",Activity,3180941905
"Mar 17, 2020, 3:43:34 AM",Activity,3189869633
"Mar 17, 2020, 3:44:00 AM",Activity,3188719855
"Mar 17, 2020, 9:42:56 PM",Activity,3191667729
"Mar 18, 2020, 1:11:02 AM",Activity,3192892439
"Mar 18, 2020, 3:35:10 PM",Activity,3192985269
"Mar 18, 2020, 7:53:25 PM",Activity,3195294555
"Mar 19, 2020, 5:46:10 PM",Activity,3197789049
"Mar 20, 2020, 6:45:03 PM",Activity,3200586633
"Mar 21, 2020, 9:37:27 PM",Activity,3204284218
"Mar 21, 2020, 9:37:27 PM",Activity,3204310506
"Mar 23, 2020, 4:34:25 AM",Activity,3209051976
"Mar 24, 2020, 3:45:49 AM",Activity,3211178610
"Mar 24, 2020, 3:45:50 AM",Activity,3211694614
"Mar 24, 2020, 7:31:12 PM",Activity,3213494553
"Mar 24, 2020, 8:15:41 PM",Activity,3213303244
"Mar 25, 2020, 3:44:39 AM",Activity,3215242507
"Mar 25, 2020, 3:45:03 AM",Activity,3215266969
"Mar 26, 2020, 12:41:07 AM",Activity,3218372883
"Mar 26, 2020, 12:52:09 AM",Activity,3216847406
"Mar 27, 2020, 4:28:45 AM",Activity,3222243284
"Mar 27, 2020, 4:28:49 AM",Activity,3220572736
"Mar 27, 2020, 8:22:30 PM",Activity,3224404538
"Mar 28, 2020, 6:24:10 PM",Activity,3228428166
"Mar 28, 2020, 10:37:07 PM",Activity,3229169080
"Apr 2, 2020, 3:48:39 PM",Activity,3242504913
"Apr 2, 2020, 3:48:40 PM",Activity,3240751644
"Apr 2, 2020, 3:48:42 PM",Activity,3240715551
"Apr 3, 2020, 3:32:22 PM",Activity,3247846654
"Apr 3, 2020, 3:32:48 PM",Activity,3248283540
"Apr 3, 2020, 3:32:55 PM",Activity,3248386942
"Apr 5, 2020, 2:57:29 AM",Activity,3254747520
"Apr 5, 2020, 6:50:42 PM",Activity,3254506057
"Apr 6, 2020, 4:08:27 PM",Activity,3260619540
"Apr 7, 2020, 4:05:59 AM",Activity,3263101275
"Apr 7, 2020, 4:06:02 AM",Activity,3263268961
"Apr 7, 2020, 7:09:04 PM",Activity,3266971136
"Apr 7, 2020, 7:09:08 PM",Activity,3267087910
"Apr 8, 2020, 3:23:21 AM",Activity,3269430681
"Apr 9, 2020, 4:19:13 AM",Activity,3273843506
"Apr 10, 2020, 3:03:21 PM",Activity,3277364301
"Apr 10, 2020, 10:05:44 PM",Activity,3281782744
"Apr 11, 2020, 5:04:44 PM",Activity,3285275620
"Apr 12, 2020, 1:07:43 AM",Activity,3286917831
"Apr 12, 2020, 6:03:02 PM",Activity,3289992527
"Apr 14, 2020, 2:46:42 AM",Activity,3295982227
"Apr 14, 2020, 2:46:53 AM",Activity,3296013673
"Apr 14, 2020, 2:46:58 AM",Activity,3295387278
"Apr 14, 2020, 11:02:16 PM",Activity,3297841674
"Apr 16, 2020, 12:18:03 AM",Activity,3303970808
"Apr 16, 2020, 12:18:10 AM",Activity,3302621917
"Apr 17, 2020, 1:52:44 AM",Activity,3309645168
"Apr 17, 2020, 7:48:13 PM",Activity,3310006466
"Apr 17, 2020, 11:25:27 PM",Activity,3313737314
"Apr 18, 2020, 6:07:28 PM",Activity,3317382182
"Apr 18, 2020, 10:11:33 PM",Activity,3318004006
"Apr 20, 2020, 12:57:27 AM",Activity,3322575353
"Apr 20, 2020, 12:57:42 AM",Activity,3322203511
"Apr 20, 2020, 12:57:48 AM",Activity,3318994208
"Apr 20, 2020, 5:56:59 PM",Activity,3326328159
"Apr 21, 2020, 1:57:00 AM",Activity,3328832022
"Apr 21, 2020, 6:50:17 PM",Activity,3328970553
"Apr 22, 2020, 12:51:40 AM",Activity,3333798481
"Apr 22, 2020, 2:46:29 AM",Activity,3334030423
"Apr 22, 2020, 6:50:58 PM",Activity,3334074623
"Apr 23, 2020, 4:27:53 AM",Activity,3339003893
"Apr 23, 2020, 4:28:05 AM",Activity,3338417995
"Apr 23, 2020, 6:45:10 PM",Activity,3341303063
"Apr 24, 2020, 2:59:41 AM",Activity,3260960884
"Apr 25, 2020, 5:25:06 PM",Activity,3351501974
"Apr 26, 2020, 1:54:42 AM",Activity,3353301727
"Apr 27, 2020, 1:48:56 AM",Activity,3357435430
"Apr 27, 2020, 3:45:14 AM",Activity,3359417136
"Apr 28, 2020, 5:48:18 PM",Activity,3366250055
"Apr 28, 2020, 5:48:20 PM",Activity,3366156177
"Apr 29, 2020, 3:53:58 PM",Activity,3371025438
"Apr 29, 2020, 6:07:45 PM",Activity,3371778923
"Apr 30, 2020, 5:58:14 PM",Activity,3373580972
"May 1, 2020, 3:43:02 AM",Activity,3375743375
"May 1, 2020, 3:43:03 AM",Activity,3376048476
"May 1, 2020, 3:43:05 AM",Activity,3376526169
"May 1, 2020, 3:43:06 AM",Activity,3377290716
"May 6, 2020, 5:04:35 AM",Activity,3405225911
"May 6, 2020, 5:04:54 AM",Activity,3405163121
"May 6, 2020, 5:04:57 AM",Activity,3404582109
"May 9, 2020, 7:02:55 AM",Activity,3421304443
"May 10, 2020, 8:20:53 PM",Activity,3431051064
"May 10, 2020, 8:20:56 PM",Activity,3431061406
"May 10, 2020, 8:21:05 PM",Activity,3427436811
"May 15, 2020, 7:03:30 AM",Activity,3452358259
"May 24, 2020, 11:32:41 PM",Activity,3500519233
"May 25, 2020, 5:48:17 PM",Activity,3509518420
"May 26, 2020, 3:06:11 AM",Activity,3506525075
"May 27, 2020, 5:01:24 AM",Activity,3517989548
"May 27, 2020, 5:01:25 AM",Activity,3514796812
"May 29, 2020, 7:15:13 PM",Activity,3528028361
"May 31, 2020, 1:58:17 AM",Activity,3538424496
"May 31, 2020, 1:58:31 AM",Activity,3537380153
"May 31, 2020, 5:05:08 PM",Activity,3542247877
"Jun 1, 2020, 12:37:59 AM",Activity,3543136392
"Jun 3, 2020, 9:49:08 PM",Activity,3549768587
"Jun 5, 2020, 5:06:08 AM",Activity,3560917564
"Jun 5, 2020, 3:38:04 PM",Activity,3565340882
"Jun 5, 2020, 3:38:09 PM",Activity,3563657361
"Jun 8, 2020, 1:04:55 AM",Activity,3580474849
"Jun 8, 2020, 1:05:05 AM",Activity,3575257894
"Jun 8, 2020, 1:05:06 AM",Activity,3575257623
"Jun 9, 2020, 9:45:30 PM",Activity,3585491362
"Jun 10, 2020, 2:46:22 PM",Activity,3591178780
"Jun 10, 2020, 11:46:21 PM",Activity,3594787558
"Jun 11, 2020, 2:47:01 PM",Activity,3591034997
"Jun 11, 2020, 3:06:18 PM",Activity,3596110221
"Jun 11, 2020, 3:06:19 PM",Activity,3596103314
"Jun 12, 2020, 12:49:14 AM",Activity,3600080110
"Jun 12, 2020, 12:49:41 AM",Activity,3599262080
"Jun 12, 2020, 6:04:08 AM",Activity,3600998977
"Jun 13, 2020, 12:38:48 AM",Activity,3604694423
"Jun 18, 2020, 1:36:17 AM",Activity,3631748569
"Jun 22, 2020, 2:19:59 AM",Activity,3651787599
"Jun 22, 2020, 2:20:13 AM",Activity,3651732537
"Jun 22, 2020, 2:20:24 AM",Activity,3650006120
"Jun 22, 2020, 2:20:38 AM",Activity,3639839992
"Jun 26, 2020, 1:40:04 PM",Activity,3670985918
"Jun 26, 2020, 1:40:30 PM",Activity,3669420895
"Jun 27, 2020, 3:41:06 AM",Activity,3674557074
"Jun 27, 2020, 3:41:23 AM",Activity,3673926048
"Jun 27, 2020, 3:41:29 AM",Activity,3673928544
"Jun 27, 2020, 3:41:31 AM",Activity,3675444511
"Jun 28, 2020, 3:10:07 AM",Activity,3681123589
"Jun 28, 2020, 3:10:13 AM",Activity,3681177334
"Jun 29, 2020, 3:50:40 AM",Activity,3686328281
"Jul 3, 2020, 5:15:00 AM",Activity,3705251680
"Jul 3, 2020, 5:15:04 AM",Activity,3704571424
"Jul 3, 2020, 5:15:19 AM",Activity,3693770454
"Jul 3, 2020, 5:15:27 AM",Activity,3689799516
"Jul 3, 2020, 5:15:37 AM",Activity,3699953333
"Jul 3, 2020, 5:15:41 AM",Activity,3689354393
"Aug 2, 2020, 4:29:51 AM",Activity,3844157660
"Aug 2, 2020, 4:30:33 AM",Activity,3830411632
"Aug 2, 2020, 4:30:49 AM",Activity,3844141303
"Aug 2, 2020, 4:30:52 AM",Activity,3844155505
"Aug 2, 2020, 6:11:10 PM",Activity,3853975964
"Aug 2, 2020, 6:11:31 PM",Activity,3854494783
"Aug 14, 2020, 3:57:48 PM",Activity,3898429601
"Aug 14, 2020, 3:57:48 PM",Activity,3907193895
"Aug 14, 2020, 3:58:54 PM",Activity,3900226372
"Aug 16, 2020, 3:49:24 AM",Activity,3918894670
"Aug 19, 2020, 3:48:13 PM",Activity,3936090013
"Sep 3, 2020, 12:34:12 PM",Activity,4001193358
"Sep 3, 2020, 12:34:19 PM",Activity,4002976734
"Sep 4, 2020, 2:41:42 PM",Activity,4007934007
"Sep 4, 2020, 2:41:56 PM",Activity,4007421835
"Sep 4, 2020, 2:41:58 PM",Activity,4005819010
"Sep 9, 2020, 5:05:46 AM",Activity,4032991795
"Sep 9, 2020, 5:06:04 AM",Activity,3989436305
"Sep 9, 2020, 5:06:05 AM",Activity,3989461497
"Sep 9, 2020, 5:06:08 AM",Activity,3989413616
"Sep 9, 2020, 5:06:40 AM",Activity,4023536839
"Sep 9, 2020, 5:06:44 AM",Activity,4030671806
"Sep 9, 2020, 5:06:54 AM",Activity,4021316431
"Sep 9, 2020, 5:07:04 AM",Activity,4030301164
"Sep 9, 2020, 5:07:10 AM",Activity,4023468870
"Sep 9, 2020, 5:08:19 AM",Activity,4012331443
"Sep 9, 2020, 5:08:21 AM",Activity,4012874160
"Sep 9, 2020, 7:36:21 PM",Activity,4034942166
"Sep 10, 2020, 1:53:18 PM",Activity,4037689707
"Sep 10, 2020, 1:53:32 PM",Activity,4037519517
"Sep 12, 2020, 6:09:49 AM",Activity,4044879260
"Sep 12, 2020, 6:10:16 AM",Activity,4039836119
"Sep 12, 2020, 6:10:22 AM",Activity,4040239476
"Sep 13, 2020, 2:39:30 AM",Activity,4049215831
"Sep 13, 2020, 2:40:04 AM",Activity,4030094007
"Sep 15, 2020, 4:04:36 PM",Activity,4054043821
"Sep 15, 2020, 4:04:40 PM",Activity,4059048782
"Sep 15, 2020, 4:05:19 PM",Activity,4056758823
"Sep 19, 2020, 9:42:10 PM",Activity,4083777453
"Sep 19, 2020, 9:42:32 PM",Activity,4083185070
"Sep 19, 2020, 9:43:27 PM",Activity,4079988659
"Sep 19, 2020, 9:44:26 PM",Activity,4079686603
"Sep 20, 2020, 7:14:34 AM",Activity,4084738699
"Sep 21, 2020, 5:48:21 AM",Activity,4089415313
"Sep 21, 2020, 5:49:22 AM",Activity,4090466936
"Sep 21, 2020, 5:50:20 AM",Activity,4089735637
"Sep 21, 2020, 5:50:22 AM",Activity,4089403453
"Sep 22, 2020, 8:02:20 PM",Activity,4097095324
"Sep 22, 2020, 8:02:21 PM",Activity,4097476642
"Sep 22, 2020, 8:03:14 PM",Activity,4094910997
"Sep 23, 2020, 10:53:48 PM",Activity,4101919152
"Sep 23, 2020, 10:53:57 PM",Activity,4097399215
"Sep 23, 2020, 10:54:02 PM",Activity,4099412984
"Sep 23, 2020, 10:54:18 PM",Activity,4099828955
"Sep 23, 2020, 10:54:21 PM",Activity,4099701373
"Sep 24, 2020, 6:51:35 AM",Activity,4104302540
"Sep 24, 2020, 6:51:40 AM",Activity,4104116235
"Sep 24, 2020, 6:51:51 AM",Activity,4104296900
"Sep 27, 2020, 3:20:28 PM",Activity,4118868708
"Sep 27, 2020, 3:20:34 PM",Activity,4116954718
"Sep 27, 2020, 3:20:42 PM",Activity,4115021351
"Sep 27, 2020, 3:20:45 PM",Activity,4112321267
"Sep 28, 2020, 8:04:43 PM",Activity,4123736522
"Oct 1, 2020, 2:01:39 PM",Activity,4133736436
"Oct 1, 2020, 2:01:53 PM",Activity,4133810253
"Oct 1, 2020, 2:01:59 PM",Activity,4130961211
"Oct 1, 2020, 2:02:07 PM",Activity,4126398289
"Oct 1, 2020, 2:02:12 PM",Activity,4128209258
"Oct 1, 2020, 2:02:28 PM",Activity,4133002142
"Oct 1, 2020, 2:02:35 PM",Activity,4132817730
"Oct 6, 2020, 6:09:21 AM",Activity,4154271718
"Oct 6, 2020, 6:09:40 AM",Activity,4155059547
"Oct 6, 2020, 6:09:59 AM",Activity,4154548240
"Oct 6, 2020, 6:10:27 AM",Activity,4146154878
"Oct 6, 2020, 6:11:05 AM",Activity,4152123483
"Oct 6, 2020, 6:11:06 AM",Activity,4152112183
"Oct 6, 2020, 6:11:25 AM",Activity,4153036158
"Oct 7, 2020, 10:36:24 PM",Activity,4163218219
"Oct 7, 2020, 10:36:26 PM",Activity,4161787509
"Oct 10, 2020, 1:52:35 AM",Activity,4172895612
"Oct 10, 2020, 1:52:36 AM",Activity,4172240878
"Oct 11, 2020, 2:31:22 PM",Activity,4177049630
"Oct 14, 2020, 6:17:37 PM",Activity,4187882142
"Oct 14, 2020, 6:19:49 PM",Activity,4184609880
"Oct 14, 2020, 6:19:56 PM",Activity,4191141181
"Oct 25, 2020, 2:37:13 PM",Activity,4238593896
"Oct 25, 2020, 2:37:15 PM",Activity,4238632850
"Oct 25, 2020, 2:37:41 PM",Activity,4233301813
"Oct 25, 2020, 2:37:46 PM",Activity,4238101010
"Oct 25, 2020, 2:38:32 PM",Activity,4222983475
"Oct 26, 2020, 2:28:08 PM",Activity,4244186516
"Oct 26, 2020, 2:28:26 PM",Activity,4243350278
"Oct 26, 2020, 2:28:31 PM",Activity,4243802632
"Oct 26, 2020, 2:28:41 PM",Activity,4243732236
"Oct 26, 2020, 2:28:45 PM",Activity,4239469519
"Oct 26, 2020, 2:28:47 PM",Activity,4239515373
"Oct 31, 2020, 12:04:21 AM",Activity,4251493495
"Nov 5, 2020, 7:45:25 PM",Activity,4267308079
"Nov 11, 2020, 6:24:27 AM",Activity,4314436210
"Nov 11, 2020, 6:24:29 AM",Activity,4318213143
"Nov 12, 2020, 7:07:25 AM",Activity,4324916824
"Nov 25, 2020, 6:47:12 PM",Activity,4371656474
"Nov 29, 2020, 6:12:13 AM",Activity,4396022390
"Nov 29, 2020, 10:13:18 PM",Activity,4409401718
"Nov 29, 2020, 10:13:23 PM",Activity,4409574219
"Dec 6, 2020, 7:45:34 PM",Activity,4428988850
"Dec 6, 2020, 7:45:45 PM",Activity,4429900556
"Dec 6, 2020, 7:46:26 PM",Activity,4429461880
"Dec 7, 2020, 11:27:45 PM",Activity,4440168679
"Dec 7, 2020, 11:28:19 PM",Activity,4440221730
"Dec 14, 2020, 11:01:34 PM",Activity,4468831581
"Dec 14, 2020, 11:02:10 PM",Activity,4464590293
"Dec 16, 2020, 8:02:33 PM",Activity,4477017378
"Dec 21, 2020, 5:00:07 PM",Activity,4498060343
"Dec 22, 2020, 6:56:37 AM",Activity,4501893081
"Dec 23, 2020, 4:18:51 AM",Activity,4506211115
"Dec 23, 2020, 4:19:08 AM",Activity,4506330888
"Dec 23, 2020, 4:19:12 AM",Activity,4505585460
"Dec 23, 2020, 4:47:03 PM",Activity,4508310479
"Dec 23, 2020, 4:47:20 PM",Activity,4506833872
"Dec 26, 2020, 12:27:32 AM",Activity,4513743359
"Dec 26, 2020, 12:27:47 AM",Activity,4516192451
"Dec 26, 2020, 12:28:00 AM",Activity,4513880598
"Dec 26, 2020, 12:28:20 AM",Activity,4509933321
"Dec 26, 2020, 7:11:37 PM",Activity,4520879759
"Dec 27, 2020, 4:49:16 PM",Activity,4522480204
"Dec 28, 2020, 4:44:53 AM",Activity,4527032739
"Dec 28, 2020, 4:45:10 AM",Activity,4527383784
"Dec 28, 2020, 4:45:18 AM",Activity,4522130426
"Dec 29, 2020, 7:22:45 AM",Activity,4531949429
"Dec 29, 2020, 7:22:58 AM",Activity,4532396828
"Dec 31, 2020, 12:44:49 AM",Activity,4541785165
"Dec 31, 2020, 12:44:58 AM",Activity,4541325425
"Dec 31, 2020, 12:45:44 AM",Activity,4541595343
"Dec 31, 2020, 3:20:26 AM",Activity,4541789863
"Dec 31, 2020, 3:21:22 AM",Activity,4541766617
"Jan 1, 2021, 12:51:05 AM",Activity,4545596480
"Jan 1, 2021, 12:51:23 AM",Activity,4545753140
"Jan 1, 2021, 12:51:25 AM",Activity,4546772997
"Jan 2, 2021, 8:07:58 PM",Activity,4555736913
"Jan 4, 2021, 12:26:07 AM",Activity,4563625136
"Jan 11, 2021, 4:09:53 AM",Activity,4600285162
"Jan 11, 2021, 4:10:29 AM",Activity,4595301914
"Jan 12, 2021, 4:05:41 PM",Activity,4606057353
"Jan 12, 2021, 4:05:44 PM",Activity,4604818829
"Jan 12, 2021, 4:05:48 PM",Activity,4609134929
"Jan 15, 2021, 3:19:15 PM",Activity,4620272847
"Jan 15, 2021, 3:19:24 PM",Activity,4624459479
"Jan 16, 2021, 12:31:53 AM",Activity,4625158631
"Jan 17, 2021, 6:17:18 PM",Activity,4631682360
"Jan 17, 2021, 6:17:18 PM",Activity,4632104518
"Jan 18, 2021, 4:26:34 AM",Activity,4639388569
"Jan 18, 2021, 4:26:58 AM",Activity,4638109480
"Jan 20, 2021, 6:07:48 PM",Activity,4649199511
"Jan 21, 2021, 2:32:08 AM",Activity,4653562478
"Jan 21, 2021, 10:17:27 PM",Activity,4658970756
"Jan 21, 2021, 10:17:30 PM",Activity,4655267909
"Jan 22, 2021, 4:46:30 AM",Activity,4660198937
"Jan 24, 2021, 6:59:50 AM",Activity,4671005127
"Jan 24, 2021, 7:00:20 AM",Activity,4669789725
"Jan 24, 2021, 7:00:34 AM",Activity,4670998465
"Jan 24, 2021, 7:00:47 AM",Activity,4664550950
"Jan 24, 2021, 5:17:40 PM",Activity,4674776132
"Jan 24, 2021, 5:18:59 PM",Activity,4673422737
"Jan 28, 2021, 1:17:54 AM",Activity,4687687934
"Jan 28, 2021, 2:39:24 AM",Activity,4692811625
"Jan 28, 2021, 9:18:06 PM",Activity,4695170504
"Jan 28, 2021, 9:18:16 PM",Activity,4693087830
"Jan 28, 2021, 9:18:17 PM",Activity,4693087831
"Jan 29, 2021, 3:13:30 AM",Activity,4697418174
"Jan 29, 2021, 3:13:44 AM",Activity,4697809951
"Jan 29, 2021, 3:13:47 AM",Activity,4697455682
"Jan 30, 2021, 4:40:28 PM",Activity,4701797709
"Jan 30, 2021, 4:40:42 PM",Activity,4700757223
"Jan 30, 2021, 4:40:58 PM",Activity,4702138579
"Jan 31, 2021, 6:45:18 AM",Activity,4706830865
"Jan 31, 2021, 6:45:23 AM",Activity,4706224691
"Feb 1, 2021, 12:52:06 AM",Activity,4714519838
"Feb 1, 2021, 12:52:12 AM",Activity,4713574271
"Feb 2, 2021, 9:55:31 PM",Activity,4724380675
"Feb 3, 2021, 8:40:04 AM",Activity,4725357804
"Feb 3, 2021, 8:40:10 AM",Activity,4724887361
"Feb 3, 2021, 5:42:24 PM",Activity,4727377726
"Feb 4, 2021, 6:55:00 AM",Activity,4730020297
"Feb 5, 2021, 11:00:15 PM",Activity,4736428705
"Feb 6, 2021, 2:25:52 AM",Activity,4741453549
"Feb 6, 2021, 2:25:55 AM",Activity,4741453540
"Feb 6, 2021, 2:26:04 AM",Activity,4738441415
"Feb 6, 2021, 10:06:38 PM",Activity,4745908981
"Feb 7, 2021, 3:02:35 AM",Activity,4747171953
"Feb 7, 2021, 4:25:32 PM",Activity,4749849735
"Feb 7, 2021, 4:25:34 PM",Activity,4751187295
"Feb 7, 2021, 4:25:37 PM",Activity,4747607688
"Feb 7, 2021, 11:35:25 PM",Activity,4753035770
"Feb 8, 2021, 6:33:22 AM",Activity,4753285858
"Feb 11, 2021, 6:47:37 AM",Activity,4763525290
"Feb 12, 2021, 6:41:35 AM",Activity,4772378973
"Feb 12, 2021, 6:41:41 AM",Activity,4773466398
"Feb 13, 2021, 4:44:21 PM",Activity,4780475054
"Feb 13, 2021, 4:44:47 PM",Activity,4776779102
"Feb 13, 2021, 5:54:52 PM",Activity,4777985808
"Feb 14, 2021, 4:37:33 PM",Activity,4786781200
"Feb 16, 2021, 1:45:47 AM",Activity,4793838562
"Feb 17, 2021, 3:07:23 AM",Activity,4799539260
"Feb 17, 2021, 3:07:38 AM",Activity,4799363227
"Feb 17, 2021, 3:07:54 AM",Activity,4799301181
"Feb 17, 2021, 8:37:12 PM",Activity,4803613526
"Feb 18, 2021, 2:05:04 AM",Activity,4804860734
"Feb 18, 2021, 6:08:44 AM",Activity,4804895002
"Feb 19, 2021, 6:50:01 PM",Activity,4812542419
"Feb 19, 2021, 6:50:04 PM",Activity,4809997814
"Feb 19, 2021, 6:50:08 PM",Activity,4809997792
"Feb 19, 2021, 6:50:12 PM",Activity,4809764901
"Feb 21, 2021, 1:06:37 AM",Activity,4820526538
"Feb 21, 2021, 1:15:05 AM",Activity,4818381328
"Feb 23, 2021, 4:54:56 AM",Activity,4833104412
"Feb 23, 2021, 5:18:53 AM",Activity,4832799057
"Feb 23, 2021, 5:19:06 AM",Activity,4832172628
"Feb 23, 2021, 3:29:16 PM",Activity,4832109205
"Feb 24, 2021, 3:20:53 AM",Activity,4839294131
"Feb 24, 2021, 5:18:08 AM",Activity,4839357207
"Feb 25, 2021, 9:15:58 PM",Activity,4849709836
"Feb 25, 2021, 9:16:17 PM",Activity,4845250995
"Feb 25, 2021, 9:16:19 PM",Activity,4845148388
"Feb 25, 2021, 9:16:21 PM",Activity,4845150102
"Feb 25, 2021, 9:31:43 PM",Activity,4849414841
"Feb 25, 2021, 9:31:56 PM",Activity,4848903466
"Feb 25, 2021, 9:31:58 PM",Activity,4848691310
"Feb 26, 2021, 10:34:51 PM",Activity,4853692391
"Feb 27, 2021, 10:14:57 PM",Activity,4861712772
"Feb 27, 2021, 10:14:59 PM",Activity,4860931187
"Feb 28, 2021, 7:41:38 AM",Activity,4862622895
"Feb 28, 2021, 8:55:08 PM",Activity,4861617151
"Feb 28, 2021, 8:55:10 PM",Activity,4862214100
"Mar 1, 2021, 5:37:30 AM",Activity,4869404228
"Mar 1, 2021, 3:47:14 PM",Activity,4869016470
"Mar 1, 2021, 3:55:12 PM",Activity,4869510378
"Mar 2, 2021, 11:03:51 PM",Activity,4879738282
"Mar 3, 2021, 12:37:03 AM",Activity,4880209031
"Mar 3, 2021, 8:41:04 PM",Activity,4884728971
"Mar 4, 2021, 5:27:48 AM",Activity,4886799450
"Mar 5, 2021, 3:13:24 PM",Activity,4892099778
"Mar 5, 2021, 3:13:26 PM",Activity,4890637766
"Mar 5, 2021, 3:13:43 PM",Activity,4890299314
"Mar 5, 2021, 3:13:58 PM",Activity,4889655718
"Mar 5, 2021, 3:14:04 PM",Activity,4886752256
"Mar 5, 2021, 7:08:15 PM",Activity,4895778229
"Mar 5, 2021, 7:08:21 PM",Activity,4894974534
"Mar 8, 2021, 3:46:20 AM",Activity,4908365202
"Mar 8, 2021, 3:46:26 AM",Activity,4908072488
"Mar 8, 2021, 3:46:36 AM",Activity,4907986514
"Mar 8, 2021, 3:46:53 AM",Activity,4903519580
"Mar 8, 2021, 3:46:53 AM",Activity,4903524741
"Mar 8, 2021, 3:46:56 AM",Activity,4903489354
"Mar 8, 2021, 3:46:59 AM",Activity,4903488228
"Mar 9, 2021, 4:34:21 AM",Activity,4915601251
"Mar 9, 2021, 4:34:45 AM",Activity,4915461699
"Mar 9, 2021, 4:35:10 AM",Activity,4914468821
"Mar 9, 2021, 4:35:20 AM",Activity,4913513703
"Mar 10, 2021, 1:37:07 AM",Activity,4919655838
"Mar 10, 2021, 1:37:08 AM",Activity,4920263226
"Mar 10, 2021, 8:40:26 PM",Activity,4921593907
"Mar 11, 2021, 2:29:35 AM",Activity,4926944220
"Mar 11, 2021, 5:35:10 AM",Activity,4925905536
"Mar 12, 2021, 12:24:44 AM",Activity,4931605705
"Mar 12, 2021, 12:24:48 AM",Activity,4930649263
"Mar 13, 2021, 6:08:53 AM",Activity,4936762795
"Mar 13, 2021, 8:15:10 PM",Activity,4940883668
"Mar 13, 2021, 8:15:28 PM",Activity,4940921088
"Mar 14, 2021, 3:04:09 AM",Activity,4942762466
"Mar 17, 2021, 4:14:45 PM",Activity,4962468391
"Mar 17, 2021, 4:14:47 PM",Activity,4962388635
"Mar 17, 2021, 4:14:54 PM",Activity,4959675284
"Mar 18, 2021, 3:48:54 AM",Activity,4965463213
"Mar 18, 2021, 5:18:06 AM",Activity,4965443613
"Mar 21, 2021, 7:47:38 AM",Activity,4981523334
"Mar 21, 2021, 3:59:27 PM",Activity,4985848215
"Mar 21, 2021, 3:59:30 PM",Activity,4981716831
"Mar 23, 2021, 3:27:50 AM",Activity,4993044720
"Mar 23, 2021, 3:28:00 AM",Activity,4992030243
"Mar 26, 2021, 11:50:23 PM",Activity,5016029315
"Mar 31, 2021, 4:38:12 AM",Activity,5041202348
"Mar 31, 2021, 4:38:16 AM",Activity,5040366491
"Mar 31, 2021, 4:38:22 AM",Activity,5038438740
"Apr 1, 2021, 4:35:48 AM",Activity,5047296286
"Apr 1, 2021, 4:36:23 AM",Activity,5047222435
"Apr 1, 2021, 11:25:39 PM",Activity,5050868628
"Apr 1, 2021, 11:26:02 PM",Activity,5050889790
"Apr 1, 2021, 11:26:24 PM",Activity,5051904889
"Apr 2, 2021, 6:33:08 AM",Activity,5052524651
"Apr 3, 2021, 8:50:13 PM",Activity,5062057364
"Apr 4, 2021, 10:36:30 PM",Activity,5070233845
"Apr 4, 2021, 10:38:00 PM",Activity,5069942944
"Apr 4, 2021, 10:38:15 PM",Activity,5068983980
"Apr 7, 2021, 4:53:55 AM",Activity,5082234586
"Apr 8, 2021, 12:20:31 AM",Activity,5086647410
"Apr 9, 2021, 4:43:23 AM",Activity,5094196824
"Apr 9, 2021, 4:46:03 AM",Activity,5093169501
"Apr 9, 2021, 4:46:22 AM",Activity,5092903658
"Apr 9, 2021, 4:46:42 AM",Activity,5090967544
"Apr 10, 2021, 2:15:33 PM",Activity,5098428513
"Apr 10, 2021, 10:57:30 PM",Activity,5103597753
"Apr 10, 2021, 10:57:45 PM",Activity,5103197976
"Apr 11, 2021, 1:18:28 AM",Activity,5105193079
"Apr 11, 2021, 1:18:49 AM",Activity,5105141580
"Apr 11, 2021, 2:39:26 PM",Activity,5105206003
"Apr 11, 2021, 6:35:00 PM",Activity,5110352417
"Apr 11, 2021, 10:35:04 PM",Activity,5111226415
"Apr 11, 2021, 10:35:17 PM",Activity,5110353286
"Apr 12, 2021, 12:54:14 AM",Activity,5111696514
"Apr 12, 2021, 12:54:20 AM",Activity,5111715259
"Apr 12, 2021, 12:54:29 AM",Activity,5111522912
"Apr 12, 2021, 2:12:06 AM",Activity,5111928534
"Apr 12, 2021, 4:42:05 AM",Activity,5111841891
"Apr 12, 2021, 10:27:22 PM",Activity,5115769459
"Apr 12, 2021, 10:27:25 PM",Activity,5115981736
"Apr 12, 2021, 10:29:31 PM",Activity,5114095072
"Apr 13, 2021, 3:45:07 AM",Activity,5116670890
"Apr 13, 2021, 10:08:52 PM",Activity,5122250988
"Apr 14, 2021, 3:11:01 AM",Activity,5123168041
"Apr 15, 2021, 3:31:39 AM",Activity,5128932808
"Apr 15, 2021, 3:31:40 AM",Activity,5128930862
"Apr 15, 2021, 3:31:41 AM",Activity,5128921643
"Apr 15, 2021, 3:31:48 AM",Activity,5128779552
"Apr 15, 2021, 3:31:53 AM",Activity,5125873114
"Apr 15, 2021, 3:31:54 AM",Activity,5127982578
"Apr 15, 2021, 3:32:03 AM",Activity,5123270756
"Apr 15, 2021, 3:32:08 AM",Activity,5128876405
"Apr 15, 2021, 5:44:20 AM",Activity,5129174884
"Apr 15, 2021, 5:44:22 AM",Activity,5129175030
"Apr 16, 2021, 4:57:04 AM",Activity,5134642686
"Apr 16, 2021, 4:57:20 AM",Activity,5134464826
"Apr 16, 2021, 4:57:30 AM",Activity,5133491811
"Apr 16, 2021, 4:57:32 AM",Activity,5132472809
"Apr 16, 2021, 4:57:33 AM",Activity,5131545085
"Apr 16, 2021, 6:04:07 PM",Activity,5137322819
"Apr 17, 2021, 12:21:27 AM",Activity,5139127227
"Apr 17, 2021, 8:47:49 PM",Activity,5143966511
"Apr 17, 2021, 8:48:14 PM",Activity,5143255405
"Apr 17, 2021, 8:48:15 PM",Activity,5143837581
"Apr 17, 2021, 8:48:20 PM",Activity,5143332429
"Apr 17, 2021, 10:30:32 PM",Activity,5144891319
"Apr 17, 2021, 10:30:34 PM",Activity,5144899757
"Apr 19, 2021, 3:21:34 AM",Activity,5152450976
"Apr 19, 2021, 3:21:36 AM",Activity,5152053171
"Apr 19, 2021, 3:21:44 AM",Activity,5151277724
"Apr 19, 2021, 3:21:55 AM",Activity,5151106851
"Apr 19, 2021, 3:21:57 AM",Activity,5150464420
"Apr 19, 2021, 3:22:01 AM",Activity,5150888451
"Apr 19, 2021, 1:51:33 PM",Activity,5152604760
"Apr 20, 2021, 2:43:27 AM",Activity,5157978950
"Apr 20, 2021, 6:19:14 PM",Activity,5160371718
"Apr 21, 2021, 3:18:59 PM",Activity,5163934179
"Apr 22, 2021, 6:39:34 AM",Activity,5169684647
"Apr 22, 2021, 6:39:35 AM",Activity,5169680201
"Apr 22, 2021, 6:39:56 AM",Activity,5169545622
"Apr 22, 2021, 8:02:25 PM",Activity,5172980083
"Apr 22, 2021, 8:03:40 PM",Activity,5171806067
"Apr 22, 2021, 11:55:36 PM",Activity,5175189546
"Apr 23, 2021, 12:01:29 AM",Activity,5175205281
"Apr 23, 2021, 9:24:17 AM",Activity,5176481328
"Apr 23, 2021, 8:25:36 PM",Activity,5179587084
"Apr 24, 2021, 7:40:34 PM",Activity,5185705875
"Apr 26, 2021, 3:26:46 AM",Activity,5193749526
"Apr 26, 2021, 3:26:48 AM",Activity,5193833896
"Apr 26, 2021, 3:26:51 AM",Activity,5193399192
"Apr 26, 2021, 3:26:52 AM",Activity,5193396260
"Apr 26, 2021, 3:27:09 AM",Activity,5193158524
"Apr 26, 2021, 4:04:45 AM",Activity,5193870105
"Apr 27, 2021, 11:44:19 PM",Activity,5204269078
"Apr 27, 2021, 11:44:39 PM",Activity,5204166314
"Apr 27, 2021, 11:44:42 PM",Activity,5199294593
"Apr 28, 2021, 6:03:01 PM",Activity,5208747966
"Apr 28, 2021, 6:03:27 PM",Activity,5205142125
"Apr 28, 2021, 7:11:32 PM",Activity,5208852280
"Apr 29, 2021, 4:09:54 PM",Activity,5213167731
"Apr 29, 2021, 10:16:54 PM",Activity,5214827588
"Apr 29, 2021, 10:16:58 PM",Activity,5213698882
"Apr 29, 2021, 10:17:02 PM",Activity,5213610831
"Apr 29, 2021, 10:17:16 PM",Activity,5213610803
"Apr 30, 2021, 8:44:22 PM",Activity,5219801759
"Apr 30, 2021, 8:45:58 PM",Activity,5218860256
"May 2, 2021, 3:28:45 AM",Activity,5226604077
"May 2, 2021, 3:28:51 AM",Activity,5225903657
"May 2, 2021, 3:28:57 AM",Activity,5225806729
"May 2, 2021, 3:29:08 AM",Activity,5226053716
"May 2, 2021, 3:29:47 AM",Activity,5225576575
"May 2, 2021, 3:29:52 AM",Activity,5225617405
"May 3, 2021, 1:17:22 AM",Activity,5233206343
"May 3, 2021, 1:17:26 AM",Activity,5233154569
"May 3, 2021, 1:17:28 AM",Activity,5233230912
"May 3, 2021, 2:42:17 AM",Activity,5233365806
"May 3, 2021, 5:35:19 AM",Activity,5232172798
"May 4, 2021, 12:39:41 AM",Activity,5237426135
"May 5, 2021, 4:27:45 AM",Activity,5243916272
"May 5, 2021, 4:28:00 AM",Activity,5243888337
"May 5, 2021, 4:29:10 AM",Activity,5241519561
"May 5, 2021, 4:29:13 AM",Activity,5242691445
"May 5, 2021, 4:29:21 AM",Activity,5237639718
"May 6, 2021, 9:07:16 PM",Activity,5253127018
"May 7, 2021, 7:08:02 AM",Activity,5254469371
"May 7, 2021, 7:26:54 PM",Activity,5258227753
"May 7, 2021, 9:20:37 PM",Activity,5258454344
"May 9, 2021, 12:34:08 AM",Activity,5264763279
"May 10, 2021, 6:34:25 AM",Activity,5271104437
"May 10, 2021, 6:34:48 AM",Activity,5271177606
"May 10, 2021, 6:34:56 AM",Activity,5271150741
"May 10, 2021, 6:35:14 AM",Activity,5271041205
"May 10, 2021, 6:35:37 AM",Activity,5271034026
"May 10, 2021, 6:35:42 AM",Activity,5271025500
"May 10, 2021, 6:36:04 AM",Activity,5270891735
"May 10, 2021, 6:37:35 AM",Activity,5270217323
"May 10, 2021, 8:12:35 PM",Activity,5274704453
"May 11, 2021, 5:16:36 AM",Activity,5276529328
"May 12, 2021, 1:43:13 AM",Activity,5280493155
"May 12, 2021, 9:00:09 PM",Activity,5286345733
"May 12, 2021, 11:53:42 PM",Activity,5282286608
"May 13, 2021, 7:35:31 PM",Activity,5290491528
"May 13, 2021, 7:35:34 PM",Activity,5287801809
"May 13, 2021, 11:35:00 PM",Activity,5292698918
"May 14, 2021, 6:25:52 PM",Activity,5296916062
"May 14, 2021, 6:26:48 PM",Activity,5296104862
"May 15, 2021, 7:37:28 PM",Activity,5302682687
"May 15, 2021, 7:37:36 PM",Activity,5298460556
"May 15, 2021, 7:37:38 PM",Activity,5298506616
"May 15, 2021, 7:37:41 PM",Activity,5298479155
"May 16, 2021, 2:36:09 AM",Activity,5303323174
"May 16, 2021, 4:35:28 PM",Activity,5304337387
"May 16, 2021, 8:24:01 PM",Activity,5309362188
"May 16, 2021, 11:12:43 PM",Activity,5309510712
"May 17, 2021, 3:15:46 AM",Activity,5309327669
"May 17, 2021, 3:18:07 AM",Activity,5309236286
"May 20, 2021, 7:01:24 PM",Activity,5326829497
"May 20, 2021, 7:01:29 PM",Activity,5326807601
"May 20, 2021, 10:48:07 PM",Activity,5330618084
"May 21, 2021, 3:02:45 AM",Activity,5331423718
"May 23, 2021, 6:57:32 PM",Activity,5342136477
"May 23, 2021, 6:57:35 PM",Activity,5341973371
"May 23, 2021, 6:57:36 PM",Activity,5342103374
"May 23, 2021, 6:57:38 PM",Activity,5341975850
"May 23, 2021, 6:59:07 PM",Activity,5342689919
"May 23, 2021, 7:30:57 PM",Activity,5347000577
"May 24, 2021, 12:55:52 AM",Activity,5341377141
"May 26, 2021, 1:47:06 AM",Activity,5358395244
"May 26, 2021, 1:47:09 AM",Activity,5358136064
"May 26, 2021, 1:47:30 AM",Activity,5356789391
"May 26, 2021, 2:38:28 PM",Activity,5359377483
"May 26, 2021, 2:38:33 PM",Activity,5359280301
"May 26, 2021, 2:38:45 PM",Activity,5358989492
"May 26, 2021, 2:39:00 PM",Activity,5358887005
"May 27, 2021, 6:08:24 PM",Activity,5364394092
"May 27, 2021, 6:08:25 PM",Activity,5364038282
"May 28, 2021, 4:00:41 PM",Activity,5369599942
"May 28, 2021, 4:00:47 PM",Activity,5369436397
"May 28, 2021, 4:00:59 PM",Activity,5367155935
"May 28, 2021, 4:01:02 PM",Activity,5364453681
"May 30, 2021, 3:58:41 AM",Activity,5379941989
"May 30, 2021, 3:58:46 AM",Activity,5380141254
"May 31, 2021, 4:07:23 AM",Activity,5386798400
"May 31, 2021, 1:22:45 PM",Activity,5386351347
"May 31, 2021, 1:23:02 PM",Activity,5385947089
"Jun 2, 2021, 11:06:40 PM",Activity,5402942440
"Jun 2, 2021, 11:06:44 PM",Activity,5402733698
"Jun 2, 2021, 11:06:46 PM",Activity,5401357032
"Jun 2, 2021, 11:06:51 PM",Activity,5400776252
"Jun 2, 2021, 11:06:57 PM",Activity,5400798054
"Jun 2, 2021, 11:07:01 PM",Activity,5398697367
"Jun 2, 2021, 11:07:04 PM",Activity,5398481062
"Jun 2, 2021, 11:07:07 PM",Activity,5398439091
"Jun 2, 2021, 11:07:14 PM",Activity,5398287011
"Jun 2, 2021, 11:07:22 PM",Activity,5398269987
"Jun 2, 2021, 11:07:39 PM",Activity,5397696847
"Jun 4, 2021, 3:13:48 AM",Activity,5409907309
"Jun 4, 2021, 3:13:50 AM",Activity,5409408182
"Jun 4, 2021, 11:23:47 PM",Activity,5412605949
"Jun 5, 2021, 8:51:29 PM",Activity,5419897593
"Jun 5, 2021, 8:51:37 PM",Activity,5419084967
"Jun 5, 2021, 8:51:42 PM",Activity,5419163287
"Jun 7, 2021, 1:11:09 AM",Activity,5426283811
"Jun 7, 2021, 1:11:25 AM",Activity,5426098272
"Jun 7, 2021, 1:12:27 AM",Activity,5420137429
"Jun 7, 2021, 1:12:39 AM",Activity,5414746248
"Jun 7, 2021, 1:12:50 AM",Activity,5419585579
"Jun 7, 2021, 9:38:24 PM",Activity,5429391097
"Jun 8, 2021, 2:51:22 AM",Activity,5432516162
"Jun 8, 2021, 3:14:20 AM",Activity,5432528740
"Jun 8, 2021, 3:14:21 AM",Activity,5432539433
"Jun 8, 2021, 2:14:31 PM",Activity,5432781408
"Jun 9, 2021, 5:39:06 AM",Activity,5438454805
"Jun 9, 2021, 5:39:23 AM",Activity,5438213799
"Jun 9, 2021, 5:39:28 AM",Activity,5438200826
"Jun 9, 2021, 5:39:29 AM",Activity,5437394639
"Jun 9, 2021, 5:39:30 AM",Activity,5437332285
"Jun 9, 2021, 7:55:12 PM",Activity,5442723581
"Jun 9, 2021, 7:55:39 PM",Activity,5438744604
"Jun 10, 2021, 6:57:29 PM",Activity,5446851664
"Jun 10, 2021, 6:57:46 PM",Activity,5443998887
"Jun 10, 2021, 6:58:03 PM",Activity,5444037033
"Jun 10, 2021, 11:40:15 PM",Activity,5444581685
"Jun 12, 2021, 12:07:27 AM",Activity,5454050503
"Jun 12, 2021, 7:17:52 PM",Activity,5454103764
"Jun 13, 2021, 6:07:58 AM",Activity,5460149513
"Jun 13, 2021, 6:07:59 AM",Activity,5460148568
"Jun 13, 2021, 6:08:46 AM",Activity,5459524610
"Jun 14, 2021, 4:11:19 PM",Activity,5466528990
"Jun 14, 2021, 4:11:58 PM",Activity,5466292246
"Jun 14, 2021, 4:11:58 PM",Activity,5466366144
"Jun 14, 2021, 4:12:00 PM",Activity,5465871837
"Jun 15, 2021, 2:07:19 AM",Activity,5471496708
"Jun 15, 2021, 2:07:50 AM",Activity,5469365609
"Jun 16, 2021, 3:03:39 PM",Activity,5477444477
"Jun 16, 2021, 3:03:41 PM",Activity,5477444623
"Jun 16, 2021, 3:03:46 PM",Activity,5477280474
"Jun 16, 2021, 3:03:56 PM",Activity,5476603238
"Jun 16, 2021, 3:03:58 PM",Activity,5477326413
"Jun 16, 2021, 3:04:03 PM",Activity,5475835110
"Jun 16, 2021, 3:04:16 PM",Activity,5471598301
"Jun 17, 2021, 2:44:25 PM",Activity,5483290274
"Jun 17, 2021, 2:44:43 PM",Activity,5483243996
"Jun 17, 2021, 2:44:52 PM",Activity,5482513439
"Jun 17, 2021, 2:44:54 PM",Activity,5482912323
"Jun 18, 2021, 1:47:41 PM",Activity,5488699271
"Jun 18, 2021, 1:47:50 PM",Activity,5488520827
"Jun 18, 2021, 1:47:56 PM",Activity,5488478517
"Jun 18, 2021, 1:48:01 PM",Activity,5488397204
"Jun 18, 2021, 1:48:18 PM",Activity,5488375296
"Jun 18, 2021, 1:48:37 PM",Activity,5487883948
"Jun 18, 2021, 1:48:46 PM",Activity,5487511968
"Jun 19, 2021, 8:25:58 PM",Activity,5497064454
"Jun 20, 2021, 4:05:59 PM",Activity,5498750339
"Jun 20, 2021, 8:20:29 PM",Activity,5502771448
"Jun 20, 2021, 8:20:41 PM",Activity,5502615544
"Jun 20, 2021, 8:20:52 PM",Activity,5502775975
"Jun 21, 2021, 4:21:48 AM",Activity,5503854124
"Jun 21, 2021, 4:21:49 AM",Activity,5503856099
"Jun 21, 2021, 4:22:48 AM",Activity,5504021019
"Jun 22, 2021, 1:52:28 PM",Activity,5508895463
"Jun 22, 2021, 1:52:58 PM",Activity,5509032186
"Jun 23, 2021, 2:02:21 AM",Activity,5513765170
"Jun 23, 2021, 2:02:26 AM",Activity,5512571903
"Jun 25, 2021, 4:28:28 PM",Activity,5524733229
"Jun 25, 2021, 4:28:34 PM",Activity,5524739481
"Jun 25, 2021, 4:28:43 PM",Activity,5523199276
"Jun 25, 2021, 4:28:47 PM",Activity,5520062555
"Jun 25, 2021, 4:28:50 PM",Activity,5520139151
"Jun 26, 2021, 10:24:29 AM",Activity,5529785903
"Jun 26, 2021, 10:24:33 AM",Activity,5529754204
"Jun 27, 2021, 4:47:50 AM",Activity,5534822179
"Jun 28, 2021, 6:56:56 AM",Activity,5539381432
"Jun 28, 2021, 6:57:06 AM",Activity,5541181777
"Jun 30, 2021, 6:45:40 PM",Activity,5551378640
"Jul 2, 2021, 3:04:59 AM",Activity,5561241162
"Jul 2, 2021, 3:05:07 AM",Activity,5561225637
"Jul 2, 2021, 3:05:27 AM",Activity,5559673879
"Jul 2, 2021, 3:05:35 AM",Activity,5559533023
"Jul 2, 2021, 3:05:55 AM",Activity,5559139886
"Jul 2, 2021, 3:18:30 AM",Activity,5561238249
"Jul 2, 2021, 5:08:21 PM",Activity,5562756849
"Jul 3, 2021, 6:44:52 PM",Activity,5569751968
"Jul 3, 2021, 6:45:20 PM",Activity,5566408488
"Jul 3, 2021, 6:45:26 PM",Activity,5565606004
"Jul 3, 2021, 6:45:39 PM",Activity,5565736184
"Jul 3, 2021, 6:46:02 PM",Activity,5564270991
"Jul 5, 2021, 11:35:40 PM",Activity,5579562809
"Jul 5, 2021, 11:35:50 PM",Activity,5579233555
"Jul 6, 2021, 5:09:04 PM",Activity,5579126231
"Jul 6, 2021, 5:09:15 PM",Activity,5577135143
"Jul 6, 2021, 5:52:06 PM",Activity,5575279115
"Jul 6, 2021, 7:52:01 PM",Activity,5585909789
"Jul 6, 2021, 7:52:17 PM",Activity,5576944824
"Jul 9, 2021, 3:01:54 PM",Activity,5598040931
"Jul 9, 2021, 3:01:57 PM",Activity,5597756787
"Jul 9, 2021, 3:02:03 PM",Activity,5597602612
"Jul 9, 2021, 3:02:05 PM",Activity,5597115983
"Jul 9, 2021, 3:02:07 PM",Activity,5597602630
"Jul 12, 2021, 5:40:40 AM",Activity,5613832916
"Jul 19, 2021, 5:27:48 AM",Activity,5650079224
"Aug 3, 2021, 7:40:21 PM",Activity,5729693294
"Aug 3, 2021, 7:40:33 PM",Activity,5729648212
"Aug 5, 2021, 12:56:04 PM",Activity,5739404882
"Aug 8, 2021, 12:55:02 PM",Activity,5756226428
"Aug 8, 2021, 12:55:18 PM",Activity,5756181279
"Aug 9, 2021, 2:10:05 AM",Activity,5761595638
"Aug 9, 2021, 1:29:00 PM",Activity,5761565162
"Aug 9, 2021, 1:29:10 PM",Activity,5761521585
"Aug 9, 2021, 1:29:14 PM",Activity,5761112812
"Aug 11, 2021, 12:02:46 PM",Activity,5772817379
"Aug 11, 2021, 12:02:47 PM",Activity,5772789954
"Aug 11, 2021, 12:03:25 PM",Activity,5767080954
"Aug 11, 2021, 12:03:26 PM",Activity,5766977058
"Aug 12, 2021, 3:18:35 PM",Activity,5778410597
"Aug 12, 2021, 3:18:42 PM",Activity,5778353330
"Aug 14, 2021, 10:31:58 PM",Activity,5792553688
"Aug 14, 2021, 10:32:01 PM",Activity,5789426283
"Aug 14, 2021, 10:32:02 PM",Activity,5783311018
"Aug 14, 2021, 10:32:18 PM",Activity,5787774004
"Aug 14, 2021, 10:32:19 PM",Activity,5787419650
"Aug 14, 2021, 10:32:26 PM",Activity,5782810301
"Aug 14, 2021, 10:32:32 PM",Activity,5793499969
"Aug 14, 2021, 10:32:34 PM",Activity,5793275486
"Aug 16, 2021, 4:42:44 AM",Activity,5799717106
"Aug 16, 2021, 4:42:51 AM",Activity,5799755257
"Aug 17, 2021, 10:45:48 PM",Activity,5809209793
"Aug 17, 2021, 10:46:00 PM",Activity,5807864665
"Aug 17, 2021, 10:46:04 PM",Activity,5804793890
"Aug 17, 2021, 10:46:06 PM",Activity,5804835215
"Aug 18, 2021, 1:31:54 AM",Activity,5810069155
"Aug 19, 2021, 2:08:39 AM",Activity,5815908650
"Aug 19, 2021, 2:08:40 AM",Activity,5815871093
"Aug 19, 2021, 4:51:25 PM",Activity,5816196316
"Aug 20, 2021, 2:12:57 AM",Activity,5821227553
"Aug 20, 2021, 2:12:57 AM",Activity,5821121926
"Aug 20, 2021, 3:51:36 AM",Activity,5821306526
"Aug 20, 2021, 3:51:38 AM",Activity,5821261707
"Aug 20, 2021, 5:07:03 AM",Activity,5821424693
"Aug 21, 2021, 6:12:06 AM",Activity,5824639623
"Aug 22, 2021, 3:00:40 PM",Activity,5825979429
"Aug 22, 2021, 3:00:51 PM",Activity,5825841445
"Aug 22, 2021, 3:00:54 PM",Activity,5825486286
"Aug 22, 2021, 3:52:08 PM",Activity,5831221430
"Aug 22, 2021, 3:52:12 PM",Activity,5831092470
"Aug 22, 2021, 3:52:14 PM",Activity,5831640607
"Aug 22, 2021, 3:52:16 PM",Activity,5829875093
"Aug 22, 2021, 3:52:18 PM",Activity,5830066737
"Aug 23, 2021, 1:42:35 AM",Activity,5837383129
"Aug 23, 2021, 3:21:25 PM",Activity,5836243841
"Aug 23, 2021, 4:02:16 PM",Activity,5839020848
"Aug 24, 2021, 6:36:44 AM",Activity,5842994014
"Aug 24, 2021, 6:36:52 AM",Activity,5841904331
"Aug 24, 2021, 6:36:53 AM",Activity,5841937700
"Aug 24, 2021, 6:36:58 AM",Activity,5841910186
"Aug 24, 2021, 6:36:59 AM",Activity,5841936859
"Aug 24, 2021, 6:37:01 AM",Activity,5840642112
"Aug 24, 2021, 5:37:51 PM",Activity,5843082828
"Aug 24, 2021, 5:38:17 PM",Activity,5842853423
"Aug 25, 2021, 2:31:25 PM",Activity,5848946768
"Aug 26, 2021, 5:41:40 AM",Activity,5854214426
"Aug 26, 2021, 5:41:58 AM",Activity,5853764763
"Aug 26, 2021, 5:41:58 AM",Activity,5853901268
"Aug 26, 2021, 5:42:01 AM",Activity,5854074155
"Aug 26, 2021, 5:42:03 AM",Activity,5854237690
"Aug 28, 2021, 1:57:43 AM",Activity,5863511373
"Aug 30, 2021, 3:50:19 AM",Activity,5874842733
"Aug 30, 2021, 3:50:20 AM",Activity,5874846521
"Aug 31, 2021, 12:23:37 AM",Activity,5877819020
"Sep 1, 2021, 4:04:36 AM",Activity,5885685611
"Sep 1, 2021, 4:04:42 AM",Activity,5885365564
"Sep 2, 2021, 1:10:17 AM",Activity,5890728664
"Sep 2, 2021, 5:12:45 AM",Activity,5891194449
"Sep 4, 2021, 4:30:52 PM",Activity,5901169758
"Sep 4, 2021, 4:31:04 PM",Activity,5900395517
"Sep 4, 2021, 4:31:12 PM",Activity,5896316559
"Sep 4, 2021, 4:31:13 PM",Activity,5897988248
"Sep 6, 2021, 4:59:44 AM",Activity,5913427684
"Sep 6, 2021, 4:59:45 AM",Activity,5913413693
"Sep 8, 2021, 7:25:45 AM",Activity,5924441770
"Sep 8, 2021, 10:03:08 PM",Activity,5927356101
"Sep 9, 2021, 4:28:08 AM",Activity,5929414568
"Sep 9, 2021, 2:22:32 PM",Activity,5930535594
"Sep 10, 2021, 1:30:20 PM",Activity,5935360458
"Sep 10, 2021, 1:30:58 PM",Activity,5935673084
"Sep 10, 2021, 5:28:51 PM",Activity,5937159486
"Sep 10, 2021, 7:19:56 PM",Activity,5937457321
"Sep 11, 2021, 5:30:21 AM",Activity,5939772661
"Sep 11, 2021, 11:40:32 PM",Activity,5944481926
"Sep 11, 2021, 11:40:33 PM",Activity,5944509318
"Sep 11, 2021, 11:40:34 PM",Activity,5944492021
"Sep 11, 2021, 11:40:36 PM",Activity,5942632042
"Sep 11, 2021, 11:40:38 PM",Activity,5939827792
"Sep 12, 2021, 12:23:56 AM",Activity,5945022102
"Sep 12, 2021, 3:10:15 AM",Activity,5944890323
"Sep 12, 2021, 6:20:11 PM",Activity,5945453856
"Sep 12, 2021, 6:20:35 PM",Activity,5944995276
"Sep 12, 2021, 6:20:37 PM",Activity,5944995313
"Sep 13, 2021, 3:51:24 PM",Activity,5951922931
"Sep 13, 2021, 3:52:28 PM",Activity,5950999026
"Sep 13, 2021, 3:52:32 PM",Activity,5951583106
"Sep 13, 2021, 3:52:40 PM",Activity,5950358265
"Sep 13, 2021, 3:52:40 PM",Activity,5950346572
"Sep 14, 2021, 12:27:33 AM",Activity,5956157633
"Sep 14, 2021, 2:22:24 PM",Activity,5956664019
"Sep 14, 2021, 2:22:28 PM",Activity,5956303781
"Sep 14, 2021, 2:22:41 PM",Activity,5954680086
"Sep 14, 2021, 2:22:42 PM",Activity,5954679982
"Sep 15, 2021, 4:55:13 AM",Activity,5962254907
"Sep 15, 2021, 8:29:10 PM",Activity,5961976461
"Sep 15, 2021, 10:02:28 PM",Activity,5964426424
"Sep 15, 2021, 10:02:32 PM",Activity,5964032349
"Sep 16, 2021, 12:25:21 AM",Activity,5967099469
"Sep 16, 2021, 12:25:29 AM",Activity,5966953055
"Sep 16, 2021, 12:25:30 AM",Activity,5964955874
"Sep 16, 2021, 4:54:45 AM",Activity,5967544375
"Sep 16, 2021, 4:54:52 AM",Activity,5967379772
"Sep 16, 2021, 3:22:23 PM",Activity,5967524338
"Sep 16, 2021, 5:03:27 PM",Activity,5970327617
"Sep 16, 2021, 9:38:12 PM",Activity,5971504538
"Sep 16, 2021, 9:38:14 PM",Activity,5970966909
"Sep 17, 2021, 2:45:57 AM",Activity,5972651642
"Sep 17, 2021, 2:46:31 AM",Activity,5972629052
"Sep 17, 2021, 2:47:40 AM",Activity,5971471612
"Sep 17, 2021, 3:43:18 AM",Activity,5972715784
"Sep 17, 2021, 4:55:55 AM",Activity,5972845560
"Sep 17, 2021, 11:46:57 PM",Activity,5976784192
"Sep 17, 2021, 11:47:09 PM",Activity,5976696720
"Sep 17, 2021, 11:47:30 PM",Activity,5976706992
"Sep 18, 2021, 10:52:48 PM",Activity,5982109475
"Sep 18, 2021, 10:52:52 PM",Activity,5982109103
"Sep 19, 2021, 12:49:00 AM",Activity,5982448989
"Sep 20, 2021, 2:18:51 PM",Activity,5988746164
"Sep 20, 2021, 2:18:52 PM",Activity,5988705277
"Sep 20, 2021, 2:18:54 PM",Activity,5988678107
"Sep 20, 2021, 2:19:01 PM",Activity,5988308201
"Sep 20, 2021, 2:19:12 PM",Activity,5988300039
"Sep 20, 2021, 2:19:15 PM",Activity,5988290816
"Sep 21, 2021, 3:35:05 PM",Activity,5996148812
"Sep 21, 2021, 3:35:11 PM",Activity,5996147413
"Sep 22, 2021, 4:01:52 AM",Activity,5999124685
"Sep 22, 2021, 4:02:22 AM",Activity,5999010003
"Sep 22, 2021, 4:03:09 AM",Activity,5999004976
"Sep 23, 2021, 1:43:04 AM",Activity,6003847918
"Sep 23, 2021, 1:43:07 AM",Activity,6003746496
"Sep 23, 2021, 1:43:24 AM",Activity,6002244714
"Sep 23, 2021, 1:43:26 AM",Activity,5988785114
"Sep 23, 2021, 2:16:54 PM",Activity,6006567182
"Sep 24, 2021, 5:13:25 AM",Activity,6009414841
"Sep 24, 2021, 5:13:27 AM",Activity,6009156274
"Sep 24, 2021, 5:13:33 AM",Activity,6008309156
"Sep 24, 2021, 5:13:34 AM",Activity,6008322732
"Sep 24, 2021, 5:13:36 AM",Activity,6008133634
"Sep 24, 2021, 3:52:46 PM",Activity,6012031747
"Sep 24, 2021, 5:58:25 PM",Activity,6012416498
"Sep 27, 2021, 3:34:17 PM",Activity,6025634082
"Sep 27, 2021, 11:46:52 PM",Activity,6025737804
"Sep 28, 2021, 3:48:52 AM",Activity,6030189028
"Sep 28, 2021, 3:49:17 AM",Activity,6027717257
"Sep 28, 2021, 12:56:24 PM",Activity,6030528756
"Sep 28, 2021, 12:56:39 PM",Activity,6030106743
"Sep 28, 2021, 4:23:31 PM",Activity,6033284014
"Sep 28, 2021, 4:23:32 PM",Activity,6033197048
"Sep 28, 2021, 4:23:33 PM",Activity,6033189141
"Sep 28, 2021, 4:23:37 PM",Activity,6032835208
"Sep 28, 2021, 4:23:38 PM",Activity,6033196983
"Sep 28, 2021, 4:23:39 PM",Activity,6032884795
"Sep 28, 2021, 4:23:41 PM",Activity,6030585604
"Sep 28, 2021, 4:23:46 PM",Activity,6030637321
"Sep 28, 2021, 4:23:49 PM",Activity,6030472057
"Sep 28, 2021, 10:00:12 PM",Activity,6034641740
"Sep 28, 2021, 10:00:40 PM",Activity,6034512761
"Sep 28, 2021, 10:00:46 PM",Activity,6034733657
"Sep 29, 2021, 3:34:20 AM",Activity,6035840328
"Sep 29, 2021, 10:30:20 PM",Activity,6038257500
"Sep 29, 2021, 10:31:12 PM",Activity,6035790559
"Sep 29, 2021, 11:34:54 PM",Activity,6040214827
"Sep 29, 2021, 11:35:10 PM",Activity,6039639941
"Sep 30, 2021, 6:49:32 PM",Activity,6043078981
"Sep 30, 2021, 6:49:34 PM",Activity,6043041638
"Oct 1, 2021, 12:42:47 AM",Activity,6044995280
"Oct 1, 2021, 12:43:26 AM",Activity,6044415350
"Oct 1, 2021, 2:20:16 PM",Activity,6045607944
"Oct 1, 2021, 3:02:38 PM",Activity,6047609909
"Oct 1, 2021, 7:46:06 PM",Activity,6047712940
"Oct 3, 2021, 12:29:24 AM",Activity,6054860687
"Oct 3, 2021, 12:29:35 AM",Activity,6054826508
"Oct 3, 2021, 12:29:45 AM",Activity,6054562458
"Oct 3, 2021, 12:29:59 AM",Activity,6054327627
"Oct 3, 2021, 12:31:59 AM",Activity,6054564012
"Oct 3, 2021, 2:38:06 PM",Activity,6055176450
"Oct 3, 2021, 2:38:09 PM",Activity,6055124786
"Oct 4, 2021, 1:57:29 AM",Activity,6060038952
"Oct 4, 2021, 1:58:56 AM",Activity,6059931659
"Oct 4, 2021, 2:12:50 AM",Activity,6059397756
"Oct 4, 2021, 2:12:53 AM",Activity,6059095641
"Oct 4, 2021, 4:03:50 AM",Activity,6060632830
"Oct 4, 2021, 4:04:03 AM",Activity,6060276833
"Oct 4, 2021, 4:04:05 AM",Activity,6060263889
"Oct 4, 2021, 4:04:53 AM",Activity,6059651573
"Oct 4, 2021, 4:50:23 PM",Activity,6062481940
"Oct 4, 2021, 7:57:37 PM",Activity,6063248273
"Oct 4, 2021, 7:57:48 PM",Activity,6063301186
"Oct 5, 2021, 2:57:41 AM",Activity,6064180489
"Oct 5, 2021, 2:57:47 AM",Activity,6064538776
"Oct 5, 2021, 11:38:28 PM",Activity,6069258268
"Oct 5, 2021, 11:38:33 PM",Activity,6067815320
"Oct 5, 2021, 11:38:34 PM",Activity,6067811468
"Oct 5, 2021, 11:38:39 PM",Activity,6067497443
"Oct 5, 2021, 11:38:49 PM",Activity,6067452856
"Oct 5, 2021, 11:38:56 PM",Activity,6064892222
"Oct 5, 2021, 11:39:03 PM",Activity,6069256812
"Oct 5, 2021, 11:39:11 PM",Activity,6069280297
"Oct 6, 2021, 12:47:30 AM",Activity,6069902282
"Oct 6, 2021, 12:47:33 AM",Activity,6069977986
"Oct 6, 2021, 1:09:47 AM",Activity,6070029039
"Oct 6, 2021, 3:34:09 PM",Activity,6072535743
"Oct 6, 2021, 3:35:51 PM",Activity,6070154015
"Oct 6, 2021, 3:35:54 PM",Activity,6072338848
"Oct 6, 2021, 4:45:56 PM",Activity,6072706967
"Oct 6, 2021, 4:46:16 PM",Activity,6072973545
"Oct 6, 2021, 9:59:30 PM",Activity,6074401939
"Oct 6, 2021, 9:59:36 PM",Activity,6073078944
"Oct 7, 2021, 12:21:53 AM",Activity,6074579464
"Oct 7, 2021, 12:22:06 AM",Activity,6074567337
"Oct 8, 2021, 4:49:17 PM",Activity,6082595496
"Oct 8, 2021, 4:50:14 PM",Activity,6080409598
"Oct 8, 2021, 4:50:36 PM",Activity,6080160368
"Oct 8, 2021, 4:50:36 PM",Activity,6080259365
"Oct 8, 2021, 4:51:10 PM",Activity,6079967519
"Oct 8, 2021, 4:51:15 PM",Activity,6079097455
"Oct 8, 2021, 11:06:21 PM",Activity,6083584498
"Oct 8, 2021, 11:06:44 PM",Activity,6083182503
"Oct 8, 2021, 11:06:46 PM",Activity,6082721871
"Oct 9, 2021, 2:44:06 AM",Activity,6084524173
"Oct 9, 2021, 9:45:46 AM",Activity,6084831261
"Oct 9, 2021, 9:45:49 AM",Activity,6084621664
"Oct 9, 2021, 6:24:37 PM",Activity,6088700970
"Oct 9, 2021, 6:24:41 PM",Activity,6088301212
"Oct 9, 2021, 7:16:40 PM",Activity,6088813456
"Oct 9, 2021, 8:25:21 PM",Activity,6088975377
"Oct 10, 2021, 3:14:14 AM",Activity,6090040136
"Oct 10, 2021, 5:45:03 PM",Activity,6093870859
"Oct 10, 2021, 5:45:06 PM",Activity,6093779308
"Oct 10, 2021, 11:14:48 PM",Activity,6094941482
"Oct 10, 2021, 11:14:56 PM",Activity,6094819008
"Oct 10, 2021, 11:15:03 PM",Activity,6094095870
"Oct 10, 2021, 11:15:47 PM",Activity,6093975147
"Oct 11, 2021, 6:59:07 AM",Activity,6095076890
"Oct 11, 2021, 6:59:08 AM",Activity,6095094616
"Oct 12, 2021, 2:52:13 AM",Activity,6100028881
"Oct 12, 2021, 2:53:08 AM",Activity,6099822281
"Oct 13, 2021, 5:33:09 PM",Activity,6108130800
"Oct 13, 2021, 5:33:22 PM",Activity,6105272551
"Oct 13, 2021, 5:33:33 PM",Activity,6105122380
"Oct 13, 2021, 5:33:35 PM",Activity,6105029377
"Oct 13, 2021, 8:02:58 PM",Activity,6108007886
"Oct 13, 2021, 8:03:03 PM",Activity,6105223539
"Oct 14, 2021, 1:44:38 AM",Activity,6109859017
"Oct 14, 2021, 1:44:40 AM",Activity,6109826722
"Oct 14, 2021, 3:41:03 PM",Activity,6112132582
"Oct 14, 2021, 11:47:55 PM",Activity,6113926296
"Oct 15, 2021, 8:44:58 PM",Activity,6114763975
"Oct 15, 2021, 8:45:00 PM",Activity,6114477018
"Oct 15, 2021, 8:45:01 PM",Activity,6114484945
"Oct 15, 2021, 8:45:03 PM",Activity,6114764023
"Oct 15, 2021, 8:45:05 PM",Activity,6115031695
"Oct 17, 2021, 1:16:05 AM",Activity,6123285624
"Oct 17, 2021, 6:35:45 AM",Activity,6124139526
"Oct 17, 2021, 6:35:54 AM",Activity,6123792412
"Oct 17, 2021, 5:27:11 PM",Activity,6127548938
"Oct 17, 2021, 5:31:56 PM",Activity,6128127467
"Oct 17, 2021, 10:05:05 PM",Activity,6128772441
"Oct 18, 2021, 7:42:34 PM",Activity,6130942906
"Oct 20, 2021, 12:04:58 AM",Activity,6137175141
"Oct 20, 2021, 12:05:05 AM",Activity,6136999288
"Oct 20, 2021, 12:05:07 AM",Activity,6138037575
"Oct 20, 2021, 12:05:31 AM",Activity,6136287127
"Oct 20, 2021, 12:05:33 AM",Activity,6136556958
"Oct 20, 2021, 12:05:36 AM",Activity,6135342342
"Oct 20, 2021, 12:05:38 AM",Activity,6134331946
"Oct 20, 2021, 12:05:40 AM",Activity,6133976320
"Oct 20, 2021, 4:21:52 AM",Activity,6139132713
"Oct 21, 2021, 5:27:15 PM",Activity,6143923078
"Oct 21, 2021, 5:27:20 PM",Activity,6143622942
"Oct 21, 2021, 5:27:28 PM",Activity,6141833615
"Oct 21, 2021, 5:27:35 PM",Activity,6142407314
"Oct 21, 2021, 5:27:38 PM",Activity,6141726543
"Oct 21, 2021, 5:27:44 PM",Activity,6138968677
"Oct 21, 2021, 5:27:46 PM",Activity,6138939838
"Oct 21, 2021, 5:27:47 PM",Activity,6138963611
"Oct 22, 2021, 1:51:19 PM",Activity,6148403902
"Oct 24, 2021, 3:50:59 PM",Activity,6155967740
"Oct 25, 2021, 4:41:38 PM",Activity,6161979836
"Oct 25, 2021, 4:41:39 PM",Activity,6161982953
"Oct 25, 2021, 4:42:27 PM",Activity,6162385595
"Oct 25, 2021, 5:18:11 PM",Activity,6162608513
"Oct 25, 2021, 5:18:36 PM",Activity,6162608548
"Oct 26, 2021, 3:18:48 PM",Activity,6165921441
"Oct 26, 2021, 5:32:31 PM",Activity,6169725247
"Oct 27, 2021, 8:43:08 PM",Activity,6174776203
"Oct 27, 2021, 8:43:30 PM",Activity,6174096266
"Oct 27, 2021, 8:43:31 PM",Activity,6174088800
"Oct 27, 2021, 8:43:42 PM",Activity,6174035127
"Oct 27, 2021, 8:44:45 PM",Activity,6175764437
"Oct 27, 2021, 8:44:47 PM",Activity,6175650643
"Oct 27, 2021, 8:44:51 PM",Activity,6174583950
"Oct 27, 2021, 8:44:51 PM",Activity,6174475785
"Oct 27, 2021, 8:44:55 PM",Activity,6174066893
"Oct 27, 2021, 8:44:57 PM",Activity,6174066992
"Oct 27, 2021, 8:44:59 PM",Activity,6174044748
"Oct 27, 2021, 10:04:25 PM",Activity,6175924411
"Oct 29, 2021, 2:41:02 AM",Activity,6181279667
"Oct 29, 2021, 2:41:18 AM",Activity,6179222354
"Oct 29, 2021, 2:48:10 AM",Activity,6176928412
"Oct 29, 2021, 2:48:16 AM",Activity,6176858691
"Oct 29, 2021, 2:48:26 AM",Activity,6176991866
"Oct 29, 2021, 4:06:00 AM",Activity,6180031427
"Oct 29, 2021, 4:06:02 AM",Activity,6179902518
"Oct 29, 2021, 3:30:47 PM",Activity,6183341192
"Oct 29, 2021, 3:30:51 PM",Activity,6181770876
"Oct 29, 2021, 3:30:59 PM",Activity,6181330964
"Oct 29, 2021, 10:05:44 PM",Activity,6184259606
"Oct 29, 2021, 10:05:46 PM",Activity,6184563078
"Oct 30, 2021, 1:27:53 AM",Activity,6185021075
"Oct 30, 2021, 1:28:15 AM",Activity,6184796296
"Oct 30, 2021, 10:34:06 PM",Activity,6188923151
"Oct 30, 2021, 10:34:09 PM",Activity,6188802016
"Oct 30, 2021, 11:23:15 PM",Activity,6189418875
"Oct 30, 2021, 11:24:40 PM",Activity,6189262488
"Oct 30, 2021, 11:37:34 PM",Activity,6189495372
"Nov 1, 2021, 4:48:03 AM",Activity,6195138757
"Nov 1, 2021, 4:48:11 AM",Activity,6194907788
"Nov 1, 2021, 4:48:17 AM",Activity,6194908869
"Nov 1, 2021, 4:48:18 AM",Activity,6194811901
"Nov 1, 2021, 4:48:29 AM",Activity,6194658018
"Nov 1, 2021, 4:48:30 AM",Activity,6194595919
"Nov 1, 2021, 5:13:32 AM",Activity,6195105611
"Nov 2, 2021, 1:19:24 AM",Activity,6199040401
"Nov 2, 2021, 1:20:06 AM",Activity,6198283953
"Nov 2, 2021, 5:03:08 AM",Activity,6198636621
"Nov 2, 2021, 3:54:53 PM",Activity,6201703974
"Nov 2, 2021, 3:55:00 PM",Activity,6199659985
"Nov 2, 2021, 9:02:56 PM",Activity,6202673030
"Nov 2, 2021, 9:04:28 PM",Activity,6202990611
"Nov 2, 2021, 9:04:41 PM",Activity,6202788262
"Nov 4, 2021, 9:58:07 PM",Activity,6210563542
"Nov 4, 2021, 9:58:12 PM",Activity,6208998725
"Nov 5, 2021, 12:25:02 AM",Activity,6212776168
"Nov 6, 2021, 5:10:39 AM",Activity,6216899005
"Nov 6, 2021, 5:10:29 PM",Activity,6216719472
"Nov 6, 2021, 5:10:54 PM",Activity,6217220972
"Nov 7, 2021, 2:43:02 AM",Activity,6215954538
"Nov 7, 2021, 10:28:43 PM",Activity,6226820459
"Nov 8, 2021, 1:32:40 AM",Activity,6227487824
"Nov 8, 2021, 1:32:47 AM",Activity,6227495250
"Nov 8, 2021, 5:23:39 AM",Activity,6227153122
"Nov 10, 2021, 9:34:23 PM",Activity,6240326186
"Nov 10, 2021, 9:34:28 PM",Activity,6236869575
"Nov 10, 2021, 9:34:29 PM",Activity,6236963470
"Nov 11, 2021, 5:30:02 AM",Activity,6241402403
"Nov 11, 2021, 5:30:05 AM",Activity,6241153537
"Nov 11, 2021, 5:30:10 AM",Activity,6241402575
"Nov 11, 2021, 5:30:12 AM",Activity,6241055793
"Nov 11, 2021, 5:30:19 AM",Activity,6240922194
"Nov 11, 2021, 5:30:40 AM",Activity,6240757335
"Nov 11, 2021, 5:30:46 AM",Activity,6240856393
"Nov 11, 2021, 5:30:53 AM",Activity,6240854896
"Nov 11, 2021, 5:30:56 AM",Activity,6238688765
"Nov 12, 2021, 4:55:29 AM",Activity,6245547852
"Nov 12, 2021, 4:55:37 AM",Activity,6244529705
"Nov 12, 2021, 4:55:38 AM",Activity,6244726575
"Nov 12, 2021, 4:55:41 AM",Activity,6244730320
"Nov 12, 2021, 4:55:44 AM",Activity,6245001516
"Nov 12, 2021, 5:50:13 PM",Activity,6246092380
"Nov 12, 2021, 5:50:20 PM",Activity,6245688104
"Nov 12, 2021, 5:50:22 PM",Activity,6245683472
"Nov 12, 2021, 8:25:59 PM",Activity,6248739269
"Nov 13, 2021, 9:00:35 PM",Activity,6253388572
"Nov 14, 2021, 8:05:19 PM",Activity,6253495248
"Nov 15, 2021, 5:30:46 AM",Activity,6259642118
"Nov 15, 2021, 5:30:48 AM",Activity,6259470249
"Nov 15, 2021, 7:24:22 PM",Activity,6259961464
"Nov 16, 2021, 2:45:03 AM",Activity,6263704612
"Nov 16, 2021, 2:45:14 AM",Activity,6263439006
"Nov 16, 2021, 2:45:16 AM",Activity,6263164678
"Nov 16, 2021, 2:45:24 AM",Activity,6261378583
"Nov 16, 2021, 2:45:25 AM",Activity,6262230322
"Nov 17, 2021, 3:45:06 AM",Activity,6268491736
"Nov 17, 2021, 3:45:07 AM",Activity,6268496716
"Nov 17, 2021, 3:45:11 AM",Activity,6268408101
"Nov 17, 2021, 3:45:21 AM",Activity,6268311572
"Nov 17, 2021, 3:45:57 AM",Activity,6266193359
"Nov 17, 2021, 3:46:00 AM",Activity,6266145365
"Nov 17, 2021, 3:46:02 AM",Activity,6266264102
"Nov 17, 2021, 3:46:04 AM",Activity,6266013617
"Nov 17, 2021, 3:46:06 AM",Activity,6263985479
"Nov 17, 2021, 3:46:20 AM",Activity,6263646928
"Nov 17, 2021, 3:54:06 PM",Activity,6268571725
"Nov 17, 2021, 3:54:24 PM",Activity,6268714784
"Nov 18, 2021, 12:40:57 AM",Activity,6272669190
"Nov 18, 2021, 12:40:59 AM",Activity,6272711198
"Nov 18, 2021, 12:41:00 AM",Activity,6270913551
"Nov 18, 2021, 12:41:01 AM",Activity,6271957039
"Nov 18, 2021, 5:12:16 AM",Activity,6273107351
"Nov 18, 2021, 5:12:40 AM",Activity,6272903364
"Nov 18, 2021, 5:12:45 AM",Activity,6272854305
"Nov 18, 2021, 5:33:02 PM",Activity,6275056228
"Nov 18, 2021, 5:33:28 PM",Activity,6273315890
"Nov 18, 2021, 5:33:32 PM",Activity,6273316459
"Nov 19, 2021, 7:20:39 AM",Activity,6277083757
"Nov 19, 2021, 6:38:04 PM",Activity,6276453028
"Nov 19, 2021, 6:38:05 PM",Activity,6275558958
"Nov 20, 2021, 12:23:39 AM",Activity,6280236647
"Nov 20, 2021, 12:23:43 AM",Activity,6279933485
"Nov 20, 2021, 12:24:37 AM",Activity,6280853334
"Nov 20, 2021, 12:53:53 AM",Activity,6280923726
"Nov 20, 2021, 3:12:14 AM",Activity,6281047734
"Nov 20, 2021, 3:12:25 AM",Activity,6280917492
"Nov 20, 2021, 10:41:20 PM",Activity,6285233736
"Nov 20, 2021, 10:41:23 PM",Activity,6285193981
"Nov 20, 2021, 10:41:40 PM",Activity,6285127090
"Nov 21, 2021, 6:40:25 PM",Activity,6285533979
"Nov 21, 2021, 6:40:33 PM",Activity,6285445972
"Nov 21, 2021, 6:40:39 PM",Activity,6285440628
"Nov 22, 2021, 2:41:26 AM",Activity,6290292081
"Nov 22, 2021, 2:41:28 AM",Activity,6290259210
"Nov 22, 2021, 2:41:40 AM",Activity,6290150673
"Nov 22, 2021, 2:41:43 AM",Activity,6290022729
"Nov 22, 2021, 5:19:17 PM",Activity,6293034369
"Nov 22, 2021, 5:19:18 PM",Activity,6285500125
"Nov 22, 2021, 5:19:31 PM",Activity,6290363416
"Nov 23, 2021, 2:02:33 AM",Activity,6294725595
"Nov 23, 2021, 2:02:36 AM",Activity,6294678799
"Nov 23, 2021, 7:26:15 PM",Activity,6297482919
"Nov 23, 2021, 7:31:43 PM",Activity,6295111536
"Nov 23, 2021, 7:31:45 PM",Activity,6297416239
"Nov 24, 2021, 6:49:02 PM",Activity,6301898478
"Nov 24, 2021, 6:49:06 PM",Activity,6301956785
"Nov 24, 2021, 6:49:13 PM",Activity,6299726803
"Nov 24, 2021, 8:32:22 PM",Activity,6301941424
"Nov 25, 2021, 11:12:49 PM",Activity,6307061220
"Nov 25, 2021, 11:12:51 PM",Activity,6306990451
"Nov 25, 2021, 11:12:53 PM",Activity,6306623879
"Nov 25, 2021, 11:12:55 PM",Activity,6306463634
"Nov 25, 2021, 11:12:57 PM",Activity,6306322242
"Nov 25, 2021, 11:12:57 PM",Activity,6306292362
"Nov 25, 2021, 11:12:59 PM",Activity,6305756791
"Nov 25, 2021, 11:13:01 PM",Activity,6304055135
"Nov 25, 2021, 11:13:03 PM",Activity,6303676698
"Nov 25, 2021, 11:13:05 PM",Activity,6303274455
"Nov 25, 2021, 11:13:06 PM",Activity,6302838718
"Nov 25, 2021, 11:13:08 PM",Activity,6302215227
"Nov 26, 2021, 10:39:09 PM",Activity,6310309770
"Nov 26, 2021, 10:39:11 PM",Activity,6310168147
"Nov 26, 2021, 10:39:13 PM",Activity,6310293044
"Nov 26, 2021, 10:39:16 PM",Activity,6308175408
"Nov 26, 2021, 10:39:17 PM",Activity,6308138889
"Nov 27, 2021, 1:26:19 AM",Activity,6311232826
"Nov 27, 2021, 1:26:22 AM",Activity,6311181875
"Nov 27, 2021, 10:08:20 PM",Activity,6314488712
"Nov 27, 2021, 10:08:23 PM",Activity,6314488078
"Nov 27, 2021, 10:08:25 PM",Activity,6314487284
"Nov 27, 2021, 10:08:27 PM",Activity,6314706790
"Nov 27, 2021, 10:08:43 PM",Activity,6311816496
"Nov 27, 2021, 10:08:44 PM",Activity,6311812465
"Nov 29, 2021, 5:04:29 AM",Activity,6320022310
"Nov 29, 2021, 5:04:30 AM",Activity,6319975744
"Nov 29, 2021, 5:04:31 AM",Activity,6319923422
"Nov 29, 2021, 5:04:37 AM",Activity,6319815052
"Nov 29, 2021, 5:04:45 AM",Activity,6319021164
"Nov 29, 2021, 5:04:48 AM",Activity,6318467580
"Nov 29, 2021, 5:04:50 AM",Activity,6315465117
"Nov 29, 2021, 5:04:55 AM",Activity,6314980967
"Nov 29, 2021, 5:04:58 AM",Activity,6315092564
"Nov 30, 2021, 3:21:19 AM",Activity,6323896615
"Nov 30, 2021, 11:17:14 PM",Activity,6327749059
"Nov 30, 2021, 11:17:17 PM",Activity,6327095960
"Nov 30, 2021, 11:17:20 PM",Activity,6326574661
"Nov 30, 2021, 11:17:22 PM",Activity,6326268766
"Nov 30, 2021, 11:17:24 PM",Activity,6326268003
"Nov 30, 2021, 11:17:25 PM",Activity,6324157217
"Nov 30, 2021, 11:17:28 PM",Activity,6324046441
"Nov 30, 2021, 11:17:29 PM",Activity,6324033973
"Nov 30, 2021, 11:17:30 PM",Activity,6323936833
"Dec 2, 2021, 3:46:24 PM",Activity,6332169506
"Dec 2, 2021, 3:46:27 PM",Activity,6332082420
"Dec 2, 2021, 3:46:28 PM",Activity,6332169324
"Dec 2, 2021, 3:46:30 PM",Activity,6331881665
"Dec 2, 2021, 3:46:31 PM",Activity,6331454880
"Dec 2, 2021, 3:46:32 PM",Activity,6331039332
"Dec 2, 2021, 3:46:50 PM",Activity,6330518546
"Dec 2, 2021, 3:46:54 PM",Activity,6330442060
"Dec 2, 2021, 3:46:58 PM",Activity,6330426767
"Dec 2, 2021, 3:47:04 PM",Activity,6328432338
"Dec 3, 2021, 12:28:52 AM",Activity,6335765206
"Dec 3, 2021, 12:29:12 AM",Activity,6334743552
"Dec 3, 2021, 12:29:15 AM",Activity,6334377756
"Dec 3, 2021, 12:29:19 AM",Activity,6334284815
"Dec 3, 2021, 10:03:17 PM",Activity,6339283030
"Dec 3, 2021, 10:03:19 PM",Activity,6339400356
"Dec 3, 2021, 10:03:55 PM",Activity,6338578869
"Dec 3, 2021, 10:03:56 PM",Activity,6337009662
"Dec 3, 2021, 10:03:58 PM",Activity,6336707802
"Dec 3, 2021, 10:04:04 PM",Activity,6336450428
"Dec 3, 2021, 10:04:04 PM",Activity,6336452519
"Dec 4, 2021, 8:31:06 PM",Activity,6340453724
"Dec 4, 2021, 8:31:09 PM",Activity,6340338660
"Dec 6, 2021, 4:07:52 AM",Activity,6348904122
"Dec 6, 2021, 4:08:05 AM",Activity,6348799141
"Dec 6, 2021, 4:08:07 AM",Activity,6348855710
"Dec 6, 2021, 4:08:10 AM",Activity,6348751275
"Dec 6, 2021, 4:08:15 AM",Activity,6348645002
"Dec 6, 2021, 4:08:16 AM",Activity,6348548300
"Dec 6, 2021, 4:08:24 AM",Activity,6348538731
"Dec 6, 2021, 4:08:26 AM",Activity,6348644401
"Dec 6, 2021, 4:08:29 AM",Activity,6348364817
"Dec 6, 2021, 4:13:57 AM",Activity,6348330621
"Dec 6, 2021, 7:40:48 AM",Activity,6349173505
"Dec 6, 2021, 6:27:31 PM",Activity,6351165347
"Dec 10, 2021, 10:08:28 PM",Activity,6367383810
"Dec 11, 2021, 12:19:55 AM",Activity,6365096669
"Dec 11, 2021, 12:19:58 AM",Activity,6365178201
"Dec 11, 2021, 12:20:00 AM",Activity,6364785610
"Dec 11, 2021, 4:43:24 AM",Activity,6368527625
"Dec 12, 2021, 12:24:37 AM",Activity,6371811543
"Dec 12, 2021, 12:24:46 AM",Activity,6372088217
"Dec 13, 2021, 5:36:11 AM",Activity,6377335976
"Dec 13, 2021, 5:36:23 AM",Activity,6376682723
"Dec 14, 2021, 5:26:57 PM",Activity,6383049248
"Dec 14, 2021, 5:27:00 PM",Activity,6381228054
"Dec 14, 2021, 5:27:01 PM",Activity,6381197124
"Dec 14, 2021, 5:27:09 PM",Activity,6380941976
"Dec 14, 2021, 5:27:15 PM",Activity,6381036610
"Dec 25, 2021, 10:46:34 PM",Activity,6426531105
"Dec 25, 2021, 10:46:38 PM",Activity,6426859790
"Dec 25, 2021, 10:46:40 PM",Activity,6426769100
"Dec 28, 2021, 1:39:41 AM",Activity,6434672006
"Dec 30, 2021, 3:47:20 AM",Activity,6443658913
"Dec 30, 2021, 7:58:31 PM",Activity,6444997597
"Dec 30, 2021, 7:58:34 PM",Activity,6444942218
"Dec 30, 2021, 7:58:37 PM",Activity,6448261416
"Dec 30, 2021, 7:58:40 PM",Activity,6445769416
"Jan 2, 2022, 8:52:16 PM",Activity,6463237682
"Jan 2, 2022, 8:52:17 PM",Activity,6463298341
"Jan 2, 2022, 8:52:20 PM",Activity,6462792701
"Jan 2, 2022, 8:52:22 PM",Activity,6462609296
"Jan 2, 2022, 8:52:26 PM",Activity,6458658796
"Jan 2, 2022, 8:52:27 PM",Activity,6458495735
"Jan 2, 2022, 8:52:29 PM",Activity,6458465419
"Jan 2, 2022, 8:52:59 PM",Activity,6458424287
"Jan 2, 2022, 8:53:01 PM",Activity,6457880907
"Jan 2, 2022, 8:53:04 PM",Activity,6458104160
"Jan 2, 2022, 8:53:06 PM",Activity,6458241201
"Jan 2, 2022, 8:53:35 PM",Activity,6458227185
"Jan 3, 2022, 8:35:29 PM",Activity,6466669009
"Jan 3, 2022, 8:35:32 PM",Activity,6466669730
"Jan 3, 2022, 8:35:34 PM",Activity,6467549141
"Jan 5, 2022, 1:38:41 AM",Activity,6472537085
"Jan 5, 2022, 1:38:42 AM",Activity,6472238013
"Jan 5, 2022, 1:38:43 AM",Activity,6472023381
"Jan 5, 2022, 1:38:45 AM",Activity,6471884162
"Jan 5, 2022, 1:38:46 AM",Activity,6471328701
"Jan 5, 2022, 1:38:49 AM",Activity,6472767029
"Jan 5, 2022, 1:38:50 AM",Activity,6469207373
"Jan 5, 2022, 1:38:53 AM",Activity,6468424092
"Jan 5, 2022, 6:58:52 PM",Activity,6477712944
"Jan 5, 2022, 6:58:53 PM",Activity,6474716876
"Jan 5, 2022, 6:58:57 PM",Activity,6474716531
